episode,return,length,epsilon,act0,act1,act2,act3
1,0.4981,4,0.9995,1,2,1,0
2,0.0921,1,0.9994,0,0,1,0
3,1.1011,2,0.9992,0,1,1,0
4,2.1319,1,0.9991,0,0,1,0
5,5.2757,3,0.9987,0,3,0,0
6,13.7089,10,0.9975,3,2,4,1
7,4.2607,5,0.9969,1,2,2,0
8,0.1585,1,0.9968,0,0,1,0
9,17.076,9,0.9957,3,2,4,0
10,25.6286,17,0.9937,4,3,5,5
11,5.1327,1,0.9936,1,0,0,0
12,0.0313,3,0.9932,3,0,0,0
13,499.6205,254,0.9631,64,69,55,66
14,3.9481,1,0.963,1,0,0,0
15,65.2773,11,0.9616,2,4,4,1
16,45.3125,8,0.9607,3,2,2,1
17,9.5889,2,0.9605,0,1,0,1
18,48.2906,20,0.9581,5,7,4,4
19,7.1856,2,0.9578,1,1,0,0
20,73.1928,10,0.9567,1,1,5,3
21,13.4644,4,0.9562,2,1,1,0
22,15.7886,2,0.9559,0,1,0,1
23,2.7452,1,0.9558,1,0,0,0
24,9.3386,3,0.9555,1,0,1,1
25,13.8191,1,0.9554,1,0,0,0
26,31.7256,19,0.9531,4,8,3,4
27,16.9993,5,0.9525,0,3,1,1
28,0.0488,2,0.9523,1,0,1,0
29,128.7398,106,0.9397,29,29,23,25
30,109.0658,44,0.9345,15,10,11,8
31,5.4485,1,0.9343,0,0,1,0
32,69.2287,31,0.9307,9,6,10,6
33,3.1256,1,0.9305,0,1,0,0
34,1.7197,2,0.9303,1,1,0,0
35,0.3999,1,0.9302,0,0,0,1
36,0.22,1,0.9301,0,0,1,0
37,10.489,2,0.9298,0,1,1,0
38,0.0589,1,0.9297,0,0,1,0
39,57.5115,5,0.9291,1,1,1,2
40,3.0196,4,0.9286,0,1,1,2
41,1.0866,2,0.9284,0,1,1,0
42,3.1585,1,0.9283,0,0,0,1
43,0.9474,1,0.9282,0,0,0,1
44,15.3977,7,0.9273,0,0,2,5
45,0.0622,1,0.9272,0,1,0,0
46,11.7916,9,0.9261,1,1,4,3
47,146.929,6,0.9254,1,1,2,2
48,11.8472,3,0.9251,0,1,1,1
49,0.3788,1,0.925,0,0,0,1
50,13.5986,14,0.9233,3,7,3,1
51,3.8739,3,0.9229,2,0,1,0
52,31.0076,2,0.9227,1,0,1,0
53,3.0164,3,0.9223,1,1,0,1
54,6.0099,9,0.9213,3,2,1,3
55,26.1194,16,0.9194,6,6,4,0
56,12.7345,2,0.9191,1,1,0,0
57,1.8423,1,0.919,1,0,0,0
58,10.6085,5,0.9184,0,1,0,4
59,10.718,4,0.9179,0,3,0,1
60,0.6631,1,0.9178,0,0,1,0
61,2.9983,1,0.9177,0,1,0,0
62,0.6905,9,0.9166,3,4,0,2
63,0.1419,1,0.9165,0,0,1,0
64,9.3125,2,0.9163,0,1,1,0
65,7.3701,1,0.9162,0,0,0,1
66,1.2859,2,0.9159,0,1,0,1
67,4.7378,1,0.9158,1,0,0,0
68,13.1866,4,0.9153,2,2,0,0
69,11.8423,2,0.9151,1,0,1,0
70,24.1708,8,0.9141,0,2,3,3
71,3.1585,1,0.914,0,0,0,1
72,9.0021,1,0.9139,0,1,0,0
73,10.8443,3,0.9136,0,0,0,3
74,4.4794,3,0.9132,1,0,1,1
75,0.5496,3,0.9128,1,1,0,1
76,7.2516,1,0.9127,0,1,0,0
77,3.9742,2,0.9125,0,1,0,1
78,1.0527,1,0.9124,0,0,0,1
79,6.4933,3,0.912,2,0,1,0
80,17.9453,4,0.9115,1,1,2,0
81,5.7592,2,0.9113,0,1,1,0
82,27.9334,4,0.9108,1,1,0,2
83,0.8166,3,0.9105,0,0,2,1
84,0.9453,1,0.9103,0,0,0,1
85,4.6007,2,0.9101,0,0,1,1
86,16.6742,5,0.9095,1,0,4,0
87,11.3708,3,0.9092,0,2,1,0
88,0.4105,1,0.909,0,0,0,1
89,7.6858,2,0.9088,1,0,0,1
90,0.1248,1,0.9087,0,1,0,0
91,21.0047,3,0.9083,0,3,0,0
92,6.5015,1,0.9082,0,1,0,0
93,0.7432,2,0.908,0,1,0,1
94,0.3248,1,0.9079,0,1,0,0
95,0.3417,2,0.9076,1,0,1,0
96,1.9087,5,0.907,1,1,0,3
97,0.263,1,0.9069,1,0,0,0
98,15.036,2,0.9067,1,1,0,0
99,4.9059,8,0.9057,2,2,1,3
100,1.9815,3,0.9054,0,2,0,1
101,2.3688,1,0.9052,1,0,0,0
102,36.0348,4,0.9048,0,2,2,0
103,0.7105,1,0.9046,0,0,1,0
104,0.0798,1,0.9045,0,0,0,1
105,1.4738,1,0.9044,0,0,0,1
106,2.2503,1,0.9043,0,1,0,0
107,0.8834,7,0.9035,2,0,1,4
108,1.3686,1,0.9033,0,0,0,1
109,1.7502,1,0.9032,0,1,0,0
110,9.2497,1,0.9031,0,1,0,0
111,30.419,6,0.9024,1,2,1,2
112,0.5492,3,0.902,0,1,1,1
113,0.7579,1,0.9019,0,0,0,1
114,5.4746,2,0.9017,2,0,0,0
115,0.5262,1,0.9016,1,0,0,0
116,6.2935,4,0.9011,1,1,1,1
117,9.9998,1,0.901,0,1,0,0
118,1.2317,6,0.9003,2,1,1,2
119,21.0334,7,0.8994,1,2,1,3
120,427.5038,260,0.8685,57,79,63,61
121,13.3805,3,0.8682,0,1,0,2
122,0.6315,1,0.8681,0,0,0,1
123,3.2404,4,0.8676,0,2,0,2
124,6.5106,9,0.8665,2,4,1,2
125,30.7559,2,0.8663,1,1,0,0
126,1.2633,1,0.8662,0,0,0,1
127,5.9631,3,0.8658,1,2,0,0
128,0.7894,1,0.8657,1,0,0,0
129,19.2507,7,0.8649,0,2,4,1
130,23.5099,12,0.8634,3,6,2,1
131,2.6123,6,0.8627,1,1,1,3
132,3.4952,2,0.8625,1,0,0,1
133,25.0192,7,0.8617,4,2,0,1
134,19.0566,4,0.8612,0,1,2,1
135,1.6223,2,0.8609,0,1,1,0
136,13.6905,1,0.8608,0,0,1,0
137,0.4733,2,0.8606,2,0,0,0
138,7.7892,1,0.8605,0,0,0,1
139,0.2748,1,0.8604,0,1,0,0
140,3.1256,1,0.8602,0,1,0,0
141,1.5791,1,0.8601,1,0,0,0
142,1.5791,1,0.86,1,0,0,0
143,18.6414,5,0.8594,1,1,2,1
144,0.4144,1,0.8593,0,0,1,0
145,12.8156,4,0.8588,1,3,0,0
146,2.004,2,0.8586,0,1,1,0
147,0.725,1,0.8585,0,1,0,0
148,9.7521,2,0.8582,1,0,1,0
149,3.8479,2,0.858,0,0,1,1
150,4.6561,2,0.8577,0,1,0,1
151,1.2501,1,0.8576,0,1,0,0
152,0.5263,1,0.8575,0,0,0,1
153,7.5946,9,0.8564,2,0,3,4
154,13.471,4,0.856,1,1,2,0
155,3.1536,6,0.8552,1,2,1,2
156,0.2248,1,0.8551,0,1,0,0
157,4.422,1,0.855,0,0,0,1
158,7.0404,4,0.8545,2,0,1,1
159,16.4465,3,0.8542,0,0,2,1
160,1.0263,1,0.8541,1,0,0,0
161,5.4246,2,0.8538,1,0,1,0
162,11.6887,11,0.8525,0,4,5,2
163,57.3675,6,0.8518,2,1,1,2
164,7.5698,2,0.8516,1,0,0,1
165,16.2701,5,0.851,2,2,1,0
166,2.6294,1,0.8509,1,0,0,0
167,4.4746,1,0.8507,1,0,0,0
168,0.6105,1,0.8506,0,0,0,1
169,26.1161,6,0.8499,0,3,1,2
170,3.5418,3,0.8495,2,1,0,0
171,16.4381,7,0.8487,1,3,1,2
172,1.1746,3,0.8484,0,2,0,1
173,1.6316,2,0.8481,0,0,1,1
174,2.8953,1,0.848,1,0,0,0
175,3.0795,1,0.8479,0,0,1,0
176,5.4749,1,0.8478,0,0,0,1
177,1.301,4,0.8473,0,2,1,1
178,36.512,4,0.8468,2,1,0,1
179,14.6285,1,0.8467,0,1,0,0
180,7.1264,2,0.8465,0,2,0,0
181,18.7236,14,0.8448,4,4,4,2
182,0.7499,1,0.8447,0,1,0,0
183,0.6999,1,0.8446,0,1,0,0
184,28.2638,10,0.8434,0,5,3,2
185,2.0845,1,0.8433,0,0,1,0
186,1.2633,1,0.8431,0,0,0,1
187,0.2807,2,0.8429,0,0,1,1
188,1.2606,1,0.8428,1,0,0,0
189,6.568,4,0.8423,0,1,0,3
190,1.0838,3,0.8419,2,0,1,0
191,23.7109,12,0.8405,1,3,5,3
192,5.5249,1,0.8404,1,0,0,0
193,5.9966,2,0.8402,0,2,0,0
194,9.7337,5,0.8396,1,2,0,2
195,1.9253,1,0.8395,0,1,0,0
196,23.2434,9,0.8384,5,2,1,1
197,36.2671,7,0.8376,3,2,1,1
198,3.9481,1,0.8374,1,0,0,0
199,2.2503,1,0.8373,0,1,0,0
200,4.1505,3,0.837,0,1,1,1
201,1.0506,1,0.8368,0,0,0,1
202,2.7216,10,0.8357,1,5,3,1
203,3.0005,1,0.8355,0,1,0,0
204,19.0497,4,0.8351,1,2,0,1
205,7.6515,2,0.8348,0,2,0,0
206,1.7106,4,0.8343,1,0,1,2
207,0.6868,1,0.8342,0,0,1,0
208,0.3999,1,0.8341,0,0,0,1
209,8.6183,5,0.8335,0,2,1,2
210,6.1166,3,0.8332,0,1,1,1
211,7.6846,10,0.832,1,1,4,4
212,2.2503,1,0.8319,0,1,0,0
213,6.8146,2,0.8316,0,1,0,1
214,1.7502,1,0.8315,0,1,0,0
215,0.2248,1,0.8314,0,1,0,0
216,0.044,2,0.8311,1,1,0,0
217,5.8793,6,0.8304,0,3,2,1
218,7.1248,3,0.8301,0,2,0,1
219,4.2114,1,0.83,0,0,0,1
220,6.529,5,0.8294,1,3,0,1
221,7.109,3,0.829,0,1,2,0
222,6.4486,2,0.8288,0,1,0,1
223,3.6507,1,0.8286,0,1,0,0
224,8.0256,2,0.8284,0,1,1,0
225,13.1281,1,0.8283,0,1,0,0
226,21.0251,10,0.8271,0,5,2,3
227,10.5492,4,0.8266,0,0,3,1
228,2.115,3,0.8263,0,2,1,0
229,31.9203,19,0.824,3,4,10,2
230,1.2064,2,0.8238,0,0,1,1
231,0.7133,2,0.8235,0,1,1,0
232,2.8198,3,0.8232,0,1,2,0
233,2.8738,3,0.8228,0,0,1,2
234,0.0353,1,0.8227,0,0,1,0
235,7.5514,4,0.8222,0,2,0,2
236,10.7526,1,0.8221,0,1,0,0
237,149.9135,104,0.8098,25,43,24,12
238,1.8529,1,0.8096,0,0,0,1
239,315.2209,201,0.7858,38,89,38,36
240,0.2366,1,0.7857,1,0,0,0
241,5.1956,5,0.7851,1,2,1,1
242,0.1654,2,0.7848,1,1,0,0
243,7.5566,3,0.7845,0,2,1,0
244,10.789,3,0.7841,1,0,1,1
245,4.3559,2,0.7839,1,1,0,0
246,3.2506,1,0.7838,0,1,0,0
247,0.2321,2,0.7835,0,0,1,1
248,14.0003,3,0.7832,0,3,0,0
249,51.57,9,0.7821,2,5,1,1
250,29.9974,9,0.781,3,1,4,1
251,8.3275,4,0.7806,1,1,1,1
252,5.2588,2,0.7803,2,0,0,0
253,3.1987,11,0.779,0,5,3,3
254,7.5084,8,0.7781,1,6,0,1
255,0.1498,1,0.7779,0,1,0,0
256,8.8275,4,0.7775,1,2,1,0
257,2.6252,2,0.7772,0,2,0,0
258,0.3498,1,0.7771,0,1,0,0
259,1.974,1,0.777,1,0,0,0
260,7.1843,3,0.7766,0,2,0,1
261,9.7708,1,0.7765,1,0,0,0
262,1.5157,2,0.7763,1,0,0,1
263,1.4112,3,0.7759,1,0,1,1
264,5.7248,2,0.7757,0,1,0,1
265,3.5004,2,0.7754,1,1,0,0
266,0.2499,1,0.7753,0,1,0,0
267,1.5002,1,0.7752,0,1,0,0
268,44.7035,18,0.7731,3,2,7,6
269,16.7137,5,0.7725,0,3,2,0
270,10.746,4,0.772,0,2,1,1
271,0.775,1,0.7719,0,1,0,0
272,5.2843,4,0.7714,1,1,2,0
273,5.3957,2,0.7712,2,0,0,0
274,6.3962,1,0.7711,0,0,1,0
275,3.4715,2,0.7708,1,0,0,1
276,8.2914,1,0.7707,0,0,1,0
277,16.111,9,0.7696,1,4,2,2
278,42.6316,7,0.7688,1,5,0,1
279,19.0142,8,0.7678,1,4,3,0
280,10.4975,3,0.7675,0,1,0,2
281,15.4016,12,0.7661,2,7,0,3
282,2.6292,2,0.7658,0,0,2,0
283,5.8961,1,0.7657,0,0,0,1
284,6.5515,1,0.7656,0,1,0,0
285,50.0125,2,0.7654,0,2,0,0
286,6.5804,1,0.7652,1,0,0,0
287,6.577,2,0.765,0,1,0,1
288,0.4874,1,0.7649,0,1,0,0
289,1.7208,3,0.7645,2,0,0,1
290,7.0607,2,0.7643,0,1,1,0
291,9.0018,2,0.764,0,2,0,0
292,0.2998,1,0.7639,0,1,0,0
293,1.8552,2,0.7637,1,0,1,0
294,6.3804,1,0.7636,0,0,0,1
295,1.4212,1,0.7635,0,0,1,0
296,2.2924,4,0.763,2,2,0,0
297,1.5002,1,0.7629,0,1,0,0
298,2.1319,1,0.7627,0,0,1,0
299,7.3014,2,0.7625,0,2,0,0
300,2.487,2,0.7623,1,1,0,0
301,2.508,2,0.762,2,0,0,0
302,11.2391,3,0.7617,1,2,0,0
303,2.632,1,0.7616,1,0,0,0
304,1.4751,1,0.7614,0,1,0,0
305,1.2791,1,0.7613,0,0,1,0
306,12.423,1,0.7612,0,0,1,0
307,0.7229,2,0.761,0,1,1,0
308,2.8953,1,0.7608,1,0,0,0
309,4.5692,2,0.7606,0,0,1,1
310,20.6689,4,0.7601,2,2,0,0
311,4.0272,1,0.76,0,0,1,0
312,19.0161,11,0.7587,0,2,4,5
313,11.1606,1,0.7586,0,0,0,1
314,10.0905,10,0.7574,0,4,3,3
315,1.0634,1,0.7573,0,0,1,0
316,84.4588,36,0.753,5,12,11,8
317,3.1582,2,0.7528,1,1,0,0
318,1.2751,1,0.7526,0,1,0,0
319,0.1313,1,0.7525,1,0,0,0
320,0.8497,2,0.7523,0,2,0,0
321,9.1169,9,0.7512,4,2,2,1
322,1.2499,2,0.751,0,2,0,0
323,14.0883,4,0.7505,0,2,1,1
324,31.2611,16,0.7486,5,3,4,4
325,4.0219,1,0.7485,0,0,0,1
326,12.1842,2,0.7483,1,0,1,0
327,0.0921,1,0.7481,0,0,1,0
328,3.103,2,0.7479,1,0,1,0
329,0.5129,2,0.7477,1,1,0,0
330,11.342,2,0.7474,0,1,0,1
331,0.7364,2,0.7472,2,0,0,0
332,25.2427,3,0.7468,1,0,2,0
333,2.0843,2,0.7466,0,0,2,0
334,3.5533,1,0.7465,0,0,1,0
335,0.5749,4,0.746,1,1,1,1
336,1.4604,2,0.7458,1,0,1,0
337,8.0019,1,0.7456,0,0,0,1
338,5.395,4,0.7452,1,1,1,1
339,0.0648,1,0.745,0,1,0,0
340,1.3751,1,0.7449,0,1,0,0
341,3.5007,1,0.7448,0,1,0,0
342,12.8973,3,0.7445,1,1,0,1
343,1.7708,4,0.744,1,2,0,1
344,0.4867,1,0.7439,1,0,0,0
345,21.4055,12,0.7424,5,1,3,3
346,0.3749,1,0.7423,0,1,0,0
347,10.6051,2,0.7421,1,0,1,0
348,1.6999,6,0.7414,2,0,3,1
349,7.3287,4,0.7409,1,2,0,1
350,89.1542,15,0.7391,6,3,3,3
351,0.1683,1,0.739,0,0,0,1
352,0.8421,1,0.7389,0,0,0,1
353,11.7516,21,0.7364,3,6,7,5
354,1.8397,1,0.7363,1,0,0,0
355,7.7892,1,0.7361,0,0,0,1
356,1.0526,1,0.736,1,0,0,0
357,8.5233,2,0.7358,1,0,0,1
358,0.2073,1,0.7357,0,1,0,0
359,8.6686,8,0.7347,0,2,4,2
360,7.463,5,0.7341,2,1,2,0
361,5.2469,2,0.7339,1,1,0,0
362,9.2497,1,0.7338,0,1,0,0
363,3.628,4,0.7333,1,1,1,1
364,9.2387,2,0.7331,1,1,0,0
365,1.895,1,0.7329,0,0,0,1
366,28.803,3,0.7326,1,1,0,1
367,0.0377,1,0.7325,0,0,1,0
368,1.4717,1,0.7323,0,0,0,1
369,2.1203,1,0.7322,0,1,0,0
370,0.8684,1,0.7321,1,0,0,0
371,9.5135,3,0.7317,1,1,0,1
372,3.5673,4,0.7313,1,1,2,0
373,2.2003,1,0.7312,0,1,0,0
374,2.3665,1,0.731,0,0,1,0
375,6.567,2,0.7308,1,0,1,0
376,0.9479,4,0.7303,1,2,1,0
377,4.0797,1,0.7302,1,0,0,0
378,3.5533,1,0.7301,0,0,1,0
379,1.3542,5,0.7295,0,2,3,0
380,2.761,1,0.7294,1,0,0,0
381,26.7629,10,0.7282,2,2,5,1
382,1.2104,2,0.7279,1,0,1,0
383,2.761,1,0.7278,1,0,0,0
384,3.145,2,0.7276,1,0,1,0
385,12.1779,1,0.7275,0,1,0,0
386,21.1461,6,0.7268,2,1,1,2
387,16.9509,3,0.7264,0,2,1,0
388,20.5844,6,0.7257,2,1,2,1
389,3.8113,1,0.7256,0,0,0,1
390,5.0588,3,0.7252,1,0,2,0
391,2.8755,1,0.7251,0,1,0,0
392,6.6802,2,0.7249,0,0,2,0
393,1.5625,13,0.7233,0,4,4,5
394,5.0383,7,0.7225,3,0,3,1
395,15.9115,2,0.7222,1,1,0,0
396,56.9517,33,0.7183,9,11,10,3
397,36.4662,16,0.7164,6,4,4,2
398,27.6071,6,0.7157,2,2,2,0
399,43.0832,8,0.7148,3,1,3,1
400,2.4849,1,0.7146,0,0,1,0
401,35.496,19,0.7124,8,3,4,4
402,2.3199,2,0.7122,1,1,0,0
403,17.4252,2,0.7119,0,0,1,1
404,22.4844,3,0.7116,1,0,1,1
405,21.4038,7,0.7107,2,2,0,3
406,42.6416,4,0.7103,0,0,4,0
407,6.5015,1,0.7101,0,1,0,0
408,8.3965,2,0.7099,1,0,1,0
409,0.5099,1,0.7098,0,1,0,0
410,0.7499,1,0.7097,0,1,0,0
411,0.5263,1,0.7095,0,0,0,1
412,12.1902,6,0.7088,2,1,2,1
413,18.2737,2,0.7086,1,1,0,0
414,0.7713,5,0.708,1,2,0,2
415,5.126,1,0.7079,0,1,0,0
416,3.375,3,0.7075,1,1,1,0
417,6.5015,1,0.7074,0,1,0,0
418,15.3087,2,0.7072,2,0,0,0
419,1.2515,5,0.7066,0,2,0,3
420,91.9351,19,0.7043,5,6,4,4
421,6.0764,1,0.7042,0,1,0,0
422,18.8958,5,0.7036,3,1,1,0
423,20.662,6,0.7029,1,1,1,3
424,7.4938,3,0.7025,1,1,1,0
425,1.0526,1,0.7024,1,0,0,0
426,2.1035,1,0.7023,0,0,0,1
427,1.974,1,0.7022,1,0,0,0
428,5.126,1,0.7021,0,1,0,0
429,13.0611,6,0.7013,2,0,3,1
430,1.0,1,0.7012,0,1,0,0
431,3.2216,1,0.7011,0,0,1,0
432,4.6326,1,0.701,0,0,0,1
433,0.4841,1,0.7009,0,0,0,1
434,8.2517,2,0.7006,1,0,1,0
435,0.1111,1,0.7005,0,0,1,0
436,6.3334,4,0.7,1,2,1,0
437,40.3352,13,0.6985,2,4,4,3
438,1.5764,1,0.6984,1,0,0,0
439,35.1324,13,0.6968,4,5,1,3
440,3.3691,1,0.6967,0,0,0,1
441,2.3793,1,0.6966,0,0,0,1
442,0.3641,2,0.6964,0,1,1,0
443,34.8529,17,0.6943,4,3,4,6
444,1.4188,1,0.6942,0,0,1,0
445,7.9357,2,0.694,1,1,0,0
446,9.0227,3,0.6936,0,1,2,0
447,14.3948,8,0.6927,4,0,3,1
448,22.6189,8,0.6917,2,2,0,4
449,51.4261,6,0.691,3,1,2,0
450,11.1818,12,0.6896,4,4,1,3
451,39.5544,14,0.6879,5,3,2,4
452,1.551,3,0.6876,1,0,2,0
453,1.125,1,0.6875,0,1,0,0
454,0.8171,1,0.6873,0,0,1,0
455,3.5415,2,0.6871,0,1,1,0
456,1.5854,1,0.687,0,0,0,1
457,7.7892,1,0.6869,0,0,0,1
458,12.4361,6,0.6861,0,1,3,2
459,27.1857,15,0.6844,5,4,3,3
460,10.9229,5,0.6838,0,1,0,4
461,3.4663,2,0.6835,0,0,1,1
462,1.0527,1,0.6834,0,0,0,1
463,12.4372,1,0.6833,0,0,1,0
464,13.6911,20,0.6809,5,2,12,1
465,23.1234,4,0.6804,0,2,2,0
466,12.6109,1,0.6803,1,0,0,0
467,177.6008,33,0.6764,7,6,9,11
468,2.549,5,0.6758,0,1,1,3
469,5.0537,1,0.6757,0,0,0,1
470,9.7391,1,0.6756,1,0,0,0
471,15.5427,3,0.6752,2,1,0,0
472,2.0813,2,0.675,0,1,1,0
473,5.3562,2,0.6747,0,1,1,0
474,12.0414,4,0.6743,0,1,3,0
475,7.5788,1,0.6742,0,0,0,1
476,7.3159,3,0.6738,0,1,2,0
477,9.9963,5,0.6732,0,5,0,0
478,16.6482,3,0.6728,1,1,0,1
479,30.8381,13,0.6713,9,2,0,2
480,25.8018,3,0.6709,0,1,1,1
481,21.8282,6,0.6702,2,2,1,1
482,4.3492,3,0.6699,1,2,0,0
483,1.5002,1,0.6698,0,1,0,0
484,6.1936,3,0.6694,1,0,0,2
485,1.7737,2,0.6692,0,0,1,1
486,0.9348,2,0.6689,0,1,0,1
487,0.589,3,0.6686,0,2,1,0
488,4.6718,2,0.6683,0,1,1,0
489,14.3922,5,0.6677,1,1,2,1
490,10.6465,4,0.6673,2,1,1,0
491,0.3997,2,0.667,0,2,0,0
492,2.0527,2,0.6668,1,1,0,0
493,76.1901,30,0.6632,9,8,10,3
494,1.342,2,0.663,0,0,1,1
495,0.7481,3,0.6626,2,1,0,0
496,9.2497,1,0.6625,0,1,0,0
497,5.9187,10,0.6613,3,4,1,2
498,23.413,4,0.6609,0,0,2,2
499,1.6698,4,0.6604,0,3,0,1
500,27.6014,2,0.6601,0,1,0,1
501,21.2986,11,0.6588,2,1,6,2
502,10.9595,5,0.6582,0,1,2,2
503,0.484,5,0.6576,0,2,2,1
504,9.384,5,0.6571,2,2,0,1
505,18.8414,3,0.6567,1,1,1,0
506,239.9832,40,0.6519,17,10,6,7
507,13.1281,1,0.6518,0,1,0,0
508,0.4998,1,0.6517,0,1,0,0
509,17.7518,1,0.6516,0,0,0,1
510,1.8801,3,0.6512,0,2,0,1
511,7.3703,6,0.6505,1,2,0,3
512,15.4834,8,0.6496,3,3,0,2
513,1.4071,5,0.649,1,1,1,2
514,7.8831,2,0.6487,0,1,1,0
515,3.1609,2,0.6485,1,1,0,0
516,3.2506,1,0.6484,0,1,0,0
517,0.1051,1,0.6483,0,0,0,1
518,2.5342,3,0.6479,1,1,1,0
519,6.2379,2,0.6477,1,0,1,0
520,0.4733,2,0.6474,2,0,0,0
521,3.3753,2,0.6472,0,2,0,0
522,16.1711,10,0.646,2,4,0,4
523,23.3464,7,0.6452,0,2,5,0
524,3.2721,5,0.6446,2,2,0,1
525,4.1454,2,0.6443,0,1,0,1
526,3.2504,2,0.6441,0,2,0,0
527,19.0102,3,0.6438,1,1,1,0
528,8.7919,2,0.6435,0,2,0,0
529,0.4498,1,0.6434,0,1,0,0
530,6.4758,4,0.6429,0,4,0,0
531,4.0002,3,0.6426,2,0,1,0
532,4.3033,2,0.6423,0,1,0,1
533,1.8753,1,0.6422,0,1,0,0
534,0.5149,1,0.6421,0,1,0,0
535,36.3356,3,0.6417,0,0,2,1
536,14.1898,8,0.6408,3,1,2,2
537,29.2297,6,0.6401,1,5,0,0
538,68.5287,36,0.6358,12,8,9,7
539,0.9474,1,0.6357,0,0,0,1
540,0.2499,1,0.6356,0,1,0,0
541,22.8796,19,0.6333,4,8,6,1
542,17.2506,22,0.6307,1,12,8,1
543,4.5009,1,0.6306,0,1,0,0
544,23.191,5,0.63,1,0,2,2
545,5.5275,1,0.6299,1,0,0,0
546,12.5526,3,0.6295,1,1,1,0
547,14.7399,3,0.6291,3,0,0,0
548,0.875,1,0.629,0,1,0,0
549,26.0593,6,0.6283,1,1,3,1
550,0.6862,4,0.6278,1,2,0,1
551,9.4804,9,0.6268,6,1,2,0
552,6.7515,1,0.6267,0,1,0,0
553,2.306,5,0.6261,1,3,0,1
554,48.8269,12,0.6246,2,6,3,1
555,0.5746,2,0.6244,0,2,0,0
556,8.9301,23,0.6217,3,5,6,9
557,20.1736,9,0.6206,2,3,0,4
558,13.7941,16,0.6187,2,2,9,3
559,1.1577,2,0.6185,2,0,0,0
560,16.4771,4,0.618,2,1,1,0
561,5.6191,3,0.6176,1,2,0,0
562,6.9072,10,0.6164,4,2,3,1
563,1.026,2,0.6162,1,1,0,0
564,4.3802,3,0.6158,0,2,1,0
565,1.2125,3,0.6155,0,3,0,0
566,4.3009,1,0.6154,0,1,0,0
567,0.6152,3,0.615,2,1,0,0
568,5.026,1,0.6149,0,1,0,0
569,13.9144,9,0.6138,6,2,0,1
570,15.3982,2,0.6136,1,1,0,0
571,63.4449,25,0.6106,6,4,9,6
572,16.6149,6,0.6099,2,1,1,2
573,0.8684,1,0.6098,1,0,0,0
574,4.1927,2,0.6096,0,0,2,0
575,0.3999,1,0.6094,0,0,0,1
576,2.3688,1,0.6093,0,0,1,0
577,5.8313,2,0.6091,0,1,0,1
578,30.3825,2,0.6088,0,2,0,0
579,13.7697,4,0.6084,2,2,0,0
580,5.0016,4,0.6079,1,2,0,1
581,18.0879,4,0.6074,0,1,2,1
582,8.4645,4,0.6069,0,1,2,1
583,2.1625,2,0.6067,0,2,0,0
584,17.9286,2,0.6065,0,1,1,0
585,70.9557,20,0.6041,1,2,13,4
586,4.6331,10,0.6029,1,5,2,2
587,10.1203,3,0.6025,1,2,0,0
588,0.0693,1,0.6024,0,0,0,1
589,15.9273,7,0.6016,3,2,1,1
590,1.6002,1,0.6015,0,1,0,0
591,7.3751,5,0.6009,0,3,1,1
592,6.1183,2,0.6006,0,1,0,1
593,13.0289,3,0.6003,0,1,2,0
594,2.0922,2,0.6001,0,1,0,1
595,3.1293,2,0.5998,2,0,0,0
596,17.5933,4,0.5993,1,1,2,0
597,0.2748,1,0.5992,0,1,0,0
598,0.3374,1,0.5991,0,1,0,0
599,1.0658,1,0.599,0,0,1,0
600,0.1348,1,0.5989,0,1,0,0
601,5.8512,1,0.5987,0,1,0,0
602,3.7083,5,0.5982,0,3,2,0
603,56.4634,19,0.5959,3,7,6,3
604,39.8851,10,0.5947,5,3,1,1
605,27.3106,15,0.5929,3,4,8,0
606,21.6737,3,0.5926,0,2,1,0
607,16.4992,5,0.592,1,1,2,1
608,0.7129,2,0.5917,1,1,0,0
609,21.4023,3,0.5914,0,1,1,1
610,2.632,1,0.5913,1,0,0,0
611,1.5002,1,0.5911,0,1,0,0
612,6.3962,1,0.591,0,0,1,0
613,13.3401,5,0.5904,1,1,2,1
614,7.2956,4,0.59,2,0,0,2
615,17.2193,4,0.5895,0,2,2,0
616,2.7005,1,0.5894,0,1,0,0
617,0.5396,2,0.5891,0,2,0,0
618,10.4764,6,0.5884,1,2,1,2
619,10.4212,5,0.5878,2,1,1,1
620,7.7518,1,0.5877,0,1,0,0
621,2.6254,1,0.5876,0,1,0,0
622,0.8764,1,0.5875,0,0,1,0
623,1.6158,2,0.5872,0,0,1,1
624,14.1418,5,0.5866,2,1,2,0
625,6.1656,2,0.5864,0,1,1,0
626,40.3235,2,0.5862,0,1,1,0
627,15.7186,22,0.5835,3,7,6,6
628,16.0719,6,0.5828,0,2,3,1
629,8.7819,3,0.5825,1,1,0,1
630,31.8285,20,0.5801,6,6,4,4
631,0.6974,1,0.58,0,1,0,0
632,5.5393,2,0.5797,1,1,0,0
633,199.8252,133,0.564,32,42,38,21
634,0.7499,1,0.5638,0,1,0,0
635,0.2893,1,0.5637,1,0,0,0
636,3.2506,1,0.5636,0,1,0,0
637,1.217,2,0.5634,0,1,1,0
638,0.4262,1,0.5632,0,0,1,0
639,20.7967,6,0.5625,1,1,3,1
640,1.8002,1,0.5624,0,1,0,0
641,6.7384,1,0.5623,0,0,0,1
642,9.0183,8,0.5613,3,2,3,0
643,0.3183,1,0.5612,1,0,0,0
644,12.6343,2,0.561,1,0,1,0
645,0.6029,4,0.5605,0,0,3,1
646,5.3562,2,0.5603,0,1,1,0
647,0.1316,2,0.56,0,1,1,0
648,11.5658,2,0.5598,1,1,0,0
649,3.3256,1,0.5597,0,1,0,0
650,16.293,3,0.5593,0,1,1,1
651,8.8411,7,0.5585,1,2,2,2
652,33.6175,12,0.5571,2,6,1,3
653,3.8018,2,0.5568,0,1,0,1
654,1.175,1,0.5567,0,1,0,0
655,9.1429,9,0.5556,2,2,5,0
656,0.6757,3,0.5553,1,1,1,0
657,25.5831,7,0.5545,1,4,1,1
658,14.3634,6,0.5537,1,2,2,1
659,2.2109,1,0.5536,0,0,0,1
660,9.4016,9,0.5526,1,4,3,1
661,3.5796,1,0.5524,1,0,0,0
662,0.5262,1,0.5523,1,0,0,0
663,1.137,1,0.5522,0,0,0,1
664,25.8494,5,0.5516,1,1,1,2
665,0.0368,2,0.5514,0,1,0,1
666,1.158,1,0.5512,0,0,0,1
667,23.5317,4,0.5508,1,2,1,0
668,1.5064,2,0.5505,0,1,1,0
669,26.622,12,0.5491,3,3,6,0
670,26.9569,8,0.5482,1,4,2,1
671,3.0005,1,0.548,0,1,0,0
672,1.6581,1,0.5479,0,0,1,0
673,6.7384,1,0.5478,0,0,0,1
674,2.3214,1,0.5477,0,0,1,0
675,1.4868,2,0.5474,0,1,1,0
676,4.8121,7,0.5466,0,2,5,0
677,1.2791,1,0.5465,0,0,1,0
678,107.4594,13,0.545,2,4,3,4
679,0.678,5,0.5444,0,2,3,0
680,4.9414,3,0.544,0,1,2,0
681,11.2683,5,0.5434,1,0,3,1
682,26.4317,18,0.5413,7,2,6,3
683,8.0398,7,0.5404,1,1,3,2
684,5.14,3,0.5401,0,1,2,0
685,43.1816,9,0.539,1,2,6,0
686,15.7539,1,0.5389,0,1,0,0
687,0.2473,1,0.5388,0,1,0,0
688,19.1563,8,0.5378,3,2,3,0
689,1.8827,1,0.5377,0,1,0,0
690,14.2211,10,0.5365,1,3,5,1
691,61.6954,16,0.5346,4,5,2,5
692,17.6439,7,0.5338,1,0,6,0
693,15.0988,5,0.5332,0,1,2,2
694,3.2506,1,0.5331,0,1,0,0
695,13.2253,9,0.532,2,1,2,4
696,0.5899,4,0.5315,0,1,0,3
697,1.7502,1,0.5314,0,1,0,0
698,3.6309,3,0.5311,1,1,1,0
699,6.7116,4,0.5306,0,2,0,2
700,0.4278,2,0.5303,0,1,0,1
701,15.9248,7,0.5295,0,3,4,0
702,6.0993,4,0.529,0,0,4,0
703,0.5999,1,0.5289,0,1,0,0
704,11.0343,1,0.5288,0,0,0,1
705,13.1132,1,0.5287,0,1,0,0
706,0.7052,1,0.5286,0,0,0,1
707,11.3306,5,0.528,1,1,3,0
708,3.5789,4,0.5275,0,1,2,1
709,5.2511,1,0.5274,0,1,0,0
710,0.1537,1,0.5273,0,0,1,0
711,12.3161,3,0.5269,0,1,1,1
712,10.2655,1,0.5268,1,0,0,0
713,0.1893,1,0.5267,0,0,1,0
714,2.632,1,0.5265,1,0,0,0
715,0.3498,1,0.5264,0,1,0,0
716,0.2499,1,0.5263,0,1,0,0
717,10.5262,1,0.5262,1,0,0,0
718,2.5004,1,0.5261,0,1,0,0
719,7.1196,3,0.5257,0,1,1,1
720,3.1254,2,0.5255,0,2,0,0
721,4.6718,2,0.5252,0,1,1,0
722,2.2003,1,0.5251,0,1,0,0
723,2.4873,3,0.5248,0,3,0,0
724,15.5957,2,0.5245,0,1,1,0
725,5.8532,3,0.5242,0,2,1,0
726,84.5091,41,0.5193,13,13,9,6
727,0.5593,4,0.5188,0,1,3,0
728,1.4999,2,0.5186,0,2,0,0
729,0.0247,1,0.5185,0,1,0,0
730,1.5946,4,0.518,1,0,2,1
731,16.6924,12,0.5166,3,5,3,1
732,0.9948,1,0.5165,0,0,1,0
733,0.2748,1,0.5163,0,1,0,0
734,12.6954,2,0.5161,0,2,0,0
735,0.0097,1,0.516,0,1,0,0
736,4.422,1,0.5159,0,0,0,1
737,2.9506,1,0.5157,0,1,0,0
738,21.4976,2,0.5155,0,2,0,0
739,29.2471,5,0.5149,0,3,2,0
740,6.4237,2,0.5147,0,2,0,0
741,1.287,2,0.5144,0,0,1,1
742,39.419,48,0.5087,11,10,19,8
743,0.4749,1,0.5086,0,1,0,0
744,10.1332,4,0.5081,0,1,3,0
745,1.9253,1,0.508,0,1,0,0
746,9.1271,1,0.5079,0,1,0,0
747,17.0434,2,0.5077,0,1,1,0
748,0.1999,1,0.5075,0,1,0,0
749,12.4372,1,0.5074,0,0,1,0
750,14.0715,18,0.5053,4,3,8,3
751,0.3268,3,0.5049,0,3,0,0
752,2.7505,1,0.5048,0,1,0,0
753,2.9479,1,0.5047,0,0,0,1
754,1.0708,2,0.5045,0,1,1,0
755,32.376,10,0.5033,1,5,4,0
756,14.8102,4,0.5028,0,1,3,0
757,7.3701,1,0.5027,0,0,0,1
758,0.2248,1,0.5026,0,1,0,0
759,1.125,1,0.5024,0,1,0,0
760,8.2474,3,0.5021,1,2,0,0
761,1.1976,1,0.502,0,1,0,0
762,3.0268,3,0.5016,2,0,1,0
763,30.2671,6,0.5009,1,0,2,3
764,10.3334,7,0.5001,2,1,3,1
765,0.6624,1,0.4999,0,1,0,0
766,5.1078,2,0.4997,0,1,1,0
767,5.7511,2,0.4995,0,2,0,0
768,13.2532,1,0.4994,0,1,0,0
769,9.3493,2,0.4991,0,1,1,0
770,35.1287,9,0.498,3,0,5,1
771,2.3688,1,0.4979,1,0,0,0
772,4.8431,1,0.4978,0,0,0,1
773,13.4395,4,0.4973,0,3,1,0
774,0.4496,2,0.4971,0,2,0,0
775,3.4268,2,0.4969,0,1,0,1
776,3.4082,2,0.4966,0,1,1,0
777,3.5366,3,0.4963,0,1,1,1
778,3.7507,1,0.4961,0,1,0,0
779,2.3688,1,0.496,1,0,0,0
780,21.0467,10,0.4948,1,1,7,1
781,3.2506,1,0.4947,0,1,0,0
782,2.451,4,0.4942,1,3,0,0
783,0.175,1,0.4941,0,1,0,0
784,4.4283,3,0.4938,0,2,1,0
785,17.4288,3,0.4934,0,3,0,0
786,11.5346,5,0.4928,0,1,3,1
787,14.0848,2,0.4926,0,1,1,0
788,22.7214,4,0.4921,1,2,1,0
789,6.8987,4,0.4916,1,1,2,0
790,9.9276,5,0.491,2,0,3,0
791,1.895,1,0.4909,0,0,0,1
792,4.5009,1,0.4908,0,1,0,0
793,6.1499,4,0.4903,0,0,3,1
794,0.2473,1,0.4902,0,1,0,0
795,7.1997,3,0.4899,0,1,1,1
796,4.5007,2,0.4896,1,0,1,0
797,13.7928,1,0.4895,1,0,0,0
798,0.6736,1,0.4894,0,0,0,1
799,1.5752,1,0.4893,0,1,0,0
800,1.895,1,0.4891,0,0,1,0
801,2.2503,1,0.489,0,1,0,0
802,21.492,2,0.4888,0,0,1,1
803,0.2499,1,0.4887,0,1,0,0
804,14.7576,4,0.4882,1,2,1,0
805,6.4142,3,0.4878,0,1,1,1
806,3.7628,6,0.4871,1,2,3,0
807,12.2684,2,0.4869,1,1,0,0
808,8.0019,1,0.4868,0,1,0,0
809,5.3033,3,0.4864,1,1,1,0
810,3.0432,2,0.4862,1,1,0,0
811,4.1258,1,0.4861,0,1,0,0
812,7.701,4,0.4856,2,0,2,0
813,2.6752,2,0.4853,0,2,0,0
814,0.1275,3,0.485,0,3,0,0
815,2.2479,1,0.4849,0,1,0,0
816,3.7902,1,0.4847,0,0,0,1
817,3.1256,1,0.4846,0,1,0,0
818,2.1503,1,0.4845,0,1,0,0
819,10.1019,8,0.4836,0,6,1,1
820,0.0128,1,0.4834,1,0,0,0
821,5.509,4,0.483,0,2,1,1
822,0.4983,2,0.4827,0,1,1,0
823,216.6735,174,0.4621,54,35,58,27
824,97.7357,17,0.46,2,3,8,4
825,3.8139,7,0.4592,1,5,1,0
826,0.6315,1,0.4591,0,0,0,1
827,4.6103,5,0.4585,0,1,2,2
828,13.8896,3,0.4581,1,1,1,0
829,5.3325,2,0.4579,0,1,1,0
830,7.529,3,0.4576,1,1,0,1
831,7.5289,9,0.4565,2,7,0,0
832,35.2219,13,0.4549,4,4,3,2
833,1.5974,2,0.4547,0,2,0,0
834,0.2394,3,0.4543,0,2,0,1
835,0.3248,1,0.4542,0,1,0,0
836,19.7146,5,0.4536,2,1,2,0
837,38.0632,14,0.452,0,6,4,4
838,2.2503,1,0.4519,0,1,0,0
839,0.1999,1,0.4517,0,1,0,0
840,0.6743,3,0.4514,0,0,1,2
841,4.7373,3,0.451,0,0,3,0
842,10.7967,6,0.4503,1,1,4,0
843,0.925,1,0.4502,0,1,0,0
844,3.3081,3,0.4498,0,1,1,1
845,0.4209,1,0.4497,0,0,0,1
846,16.0595,3,0.4494,1,1,1,0
847,22.3134,3,0.449,1,0,2,0
848,0.2267,1,0.4489,0,0,1,0
849,0.5209,1,0.4488,0,0,1,0
850,3.8008,1,0.4486,0,1,0,0
851,22.6882,9,0.4476,2,3,0,4
852,9.2497,1,0.4475,0,1,0,0
853,1.2498,2,0.4472,1,0,1,0
854,0.5921,1,0.4471,0,0,1,0
855,0.8052,1,0.447,0,0,1,0
856,43.5654,5,0.4464,0,0,4,1
857,2.5853,2,0.4462,0,1,1,0
858,5.7512,1,0.446,0,1,0,0
859,13.0544,8,0.4451,0,5,3,0
860,2.7373,1,0.445,0,0,0,1
861,11.6178,5,0.4444,1,3,1,0
862,8.2538,6,0.4437,1,3,2,0
863,13.3448,3,0.4433,2,1,0,0
864,2.941,4,0.4428,1,3,0,0
865,8.5412,2,0.4426,0,1,1,0
866,3.5331,3,0.4422,2,1,0,0
867,9.028,3,0.4419,1,0,0,2
868,24.9608,4,0.4414,1,1,1,1
869,0.1456,2,0.4412,0,1,1,0
870,17.0389,2,0.4409,0,1,0,1
871,14.003,3,0.4406,0,0,2,1
872,4.6135,1,0.4405,0,1,0,0
873,11.4143,2,0.4402,1,1,0,0
874,6.1591,2,0.44,0,0,2,0
875,3.0527,8,0.439,4,4,0,0
876,6.9016,1,0.4389,0,1,0,0
877,5.5692,3,0.4386,0,0,1,2
878,26.7396,7,0.4377,1,2,1,3
879,0.5389,1,0.4376,0,0,0,1
880,1.5002,1,0.4375,0,1,0,0
881,6.0013,1,0.4374,0,1,0,0
882,43.3455,5,0.4368,1,1,2,1
883,2.2503,1,0.4367,0,1,0,0
884,4.2756,2,0.4364,0,2,0,0
885,0.5209,1,0.4363,0,0,1,0
886,8.7691,3,0.4359,1,1,1,0
887,15.2932,8,0.435,5,3,0,0
888,6.3475,13,0.4334,8,2,2,1
889,4.726,1,0.4333,0,1,0,0
890,0.7247,1,0.4332,0,0,1,0
891,4.4273,4,0.4327,0,1,2,1
892,0.3148,1,0.4326,0,1,0,0
893,17.7738,2,0.4324,0,1,1,0
894,12.3046,6,0.4317,0,2,4,0
895,19.5043,3,0.4313,1,1,1,0
896,2.2503,1,0.4312,0,1,0,0
897,0.4749,1,0.4311,0,1,0,0
898,12.6492,5,0.4305,0,3,1,1
899,0.3998,1,0.4304,0,1,0,0
900,12.6553,8,0.4294,1,4,1,2
901,0.1469,2,0.4292,0,1,0,1
902,13.0023,4,0.4287,2,0,2,0
903,4.6268,3,0.4283,0,1,1,1
904,23.2826,7,0.4275,1,1,3,2
905,5.8664,4,0.427,0,2,0,2
906,27.5066,3,0.4267,0,1,2,0
907,17.989,9,0.4256,4,0,1,4
908,18.3643,2,0.4254,1,0,0,1
909,2.7373,1,0.4253,0,0,0,1
910,94.057,9,0.4242,6,2,0,1
911,9.0284,6,0.4235,1,3,2,0
912,29.5201,17,0.4215,4,4,5,4
913,3.6518,2,0.4212,0,1,1,0
914,9.8783,3,0.4209,0,2,1,0
915,14.0972,2,0.4206,1,1,0,0
916,15.5824,3,0.4203,1,0,1,1
917,3.7507,1,0.4201,0,1,0,0
918,9.8407,13,0.4186,8,3,0,2
919,0.9975,1,0.4185,0,1,0,0
920,21.9474,5,0.4179,0,2,3,0
921,0.5174,2,0.4177,0,1,0,1
922,0.1498,1,0.4175,0,1,0,0
923,1.7502,1,0.4174,0,1,0,0
924,4.8407,2,0.4172,0,2,0,0
925,8.6597,2,0.4169,0,1,1,0
926,2.8755,1,0.4168,0,1,0,0
927,36.1593,25,0.4139,8,2,12,3
928,6.7515,1,0.4137,0,1,0,0
929,4.0008,1,0.4136,0,1,0,0
930,0.0875,1,0.4135,0,1,0,0
931,19.9471,16,0.4116,7,3,6,0
932,0.725,1,0.4115,0,1,0,0
933,0.4998,1,0.4114,0,1,0,0
934,0.875,1,0.4112,0,1,0,0
935,6.0552,5,0.4106,2,0,1,2
936,0.9801,2,0.4104,1,1,0,0
937,2.6107,2,0.4102,0,0,1,1
938,0.2998,1,0.4101,0,1,0,0
939,0.347,2,0.4098,1,0,0,1
940,55.3198,11,0.4085,3,3,2,3
941,1.3258,3,0.4082,0,2,1,0
942,5.5931,2,0.4079,0,1,0,1
943,54.2268,15,0.4061,3,6,5,1
944,1.5002,1,0.406,0,1,0,0
945,8.4837,3,0.4057,0,1,2,0
946,2.7505,1,0.4055,0,1,0,0
947,31.2698,43,0.4004,8,4,22,9
948,11.3442,4,0.4,2,0,1,1
949,2.6004,6,0.3992,0,0,4,2
950,11.6867,2,0.399,0,1,1,0
951,33.9698,13,0.3975,0,1,10,2
952,2.2503,1,0.3973,0,1,0,0
953,12.503,1,0.3972,0,1,0,0
954,17.9159,4,0.3968,0,3,1,0
955,7.856,4,0.3963,1,2,1,0
956,9.9998,1,0.3962,0,1,0,0
957,39.7195,5,0.3956,1,1,2,1
958,3.2216,1,0.3954,0,0,1,0
959,9.5597,3,0.3951,0,1,2,0
960,12.2497,3,0.3947,1,2,0,0
961,0.9621,5,0.3941,1,4,0,0
962,13.0231,8,0.3932,0,5,3,0
963,0.3998,1,0.3931,0,1,0,0
964,2.2503,1,0.393,0,1,0,0
965,3.1256,1,0.3928,0,1,0,0
966,13.1281,1,0.3927,0,1,0,0
967,9.2497,1,0.3926,0,1,0,0
968,1.1704,4,0.3921,0,2,2,0
969,3.0795,1,0.392,0,0,1,0
970,0.1051,1,0.3919,1,0,0,0
971,9.0018,2,0.3916,1,0,1,0
972,14.6088,2,0.3914,1,0,1,0
973,7.8152,1,0.3913,0,0,1,0
974,0.1419,1,0.3912,0,0,1,0
975,42.3593,13,0.3896,1,5,5,2
976,48.3168,30,0.3861,7,7,10,6
977,17.6646,13,0.3845,5,1,6,1
978,0.2604,1,0.3844,0,0,1,0
979,12.2946,8,0.3835,2,1,3,2
980,3.7909,5,0.3829,0,1,2,2
981,0.9282,2,0.3826,0,0,2,0
982,0.6999,1,0.3825,0,1,0,0
983,2.2802,2,0.3823,0,0,1,1
984,12.423,1,0.3821,0,0,1,0
985,0.2946,1,0.382,0,0,0,1
986,0.3314,1,0.3819,0,0,1,0
987,7.2013,2,0.3817,0,0,2,0
988,29.9652,2,0.3814,2,0,0,0
989,3.0892,7,0.3806,2,2,2,1
990,5.5433,1,0.3805,0,0,1,0
991,19.1451,10,0.3793,2,2,4,2
992,0.1498,1,0.3792,0,1,0,0
993,0.9474,1,0.3791,1,0,0,0
994,13.031,3,0.3787,0,1,1,1
995,25.7949,13,0.3772,5,3,3,2
996,0.805,2,0.3769,0,0,1,1
997,4.801,1,0.3768,0,0,0,1
998,16.2034,3,0.3764,0,0,3,0
999,21.4413,5,0.3759,0,0,4,1
1000,3.7507,1,0.3757,0,1,0,0
1001,0.0524,1,0.3756,0,0,0,1
1002,0.0058,1,0.3755,1,0,0,0
1003,2.8755,1,0.3754,0,1,0,0
1004,0.3498,1,0.3753,0,1,0,0
1005,0.5499,1,0.3751,0,1,0,0
1006,2.1003,1,0.375,0,1,0,0
1007,1.5002,1,0.3749,0,1,0,0
1008,33.0137,16,0.373,3,4,6,3
1009,1.2611,1,0.3729,0,0,0,1
1010,3.2506,1,0.3728,0,1,0,0
1011,0.2082,1,0.3726,0,0,0,1
1012,2.6897,3,0.3723,1,1,1,0
1013,16.8392,9,0.3712,4,0,4,1
1014,10.1103,5,0.3706,3,1,0,1
1015,2.5004,1,0.3705,0,1,0,0
1016,0.2893,1,0.3704,1,0,0,0
1017,0.675,1,0.3703,0,1,0,0
1018,4.0683,3,0.3699,0,2,0,1
1019,11.0132,2,0.3697,0,1,1,0
1020,0.2748,1,0.3696,0,1,0,0
1021,0.2248,1,0.3694,0,1,0,0
1022,167.9691,14,0.3678,3,3,8,0
1023,3.942,6,0.3671,1,1,3,1
1024,29.6201,3,0.3667,2,0,1,0
1025,1.6533,1,0.3666,0,0,1,0
1026,7.4507,6,0.3659,1,1,3,1
1027,2.7373,1,0.3658,1,0,0,0
1028,0.6394,1,0.3656,0,0,1,0
1029,0.3749,1,0.3655,0,1,0,0
1030,3.3898,2,0.3653,1,0,0,1
1031,11.9451,2,0.365,0,1,1,0
1032,1.5903,5,0.3645,1,2,1,1
1033,10.1113,5,0.3639,0,1,2,2
1034,1.3251,1,0.3637,0,1,0,0
1035,27.3778,7,0.3629,0,2,3,2
1036,0.6439,5,0.3623,0,1,3,1
1037,1.5396,1,0.3622,0,0,1,0
1038,7.3861,15,0.3604,8,4,3,0
1039,5.8956,3,0.3601,1,0,0,2
1040,2.5004,1,0.3599,0,1,0,0
1041,4.5259,1,0.3598,0,1,0,0
1042,0.9219,2,0.3596,0,1,1,0
1043,1.1772,5,0.359,0,3,1,1
1044,0.4249,1,0.3589,0,1,0,0
1045,5.5005,4,0.3584,0,1,2,1
1046,39.7591,21,0.3559,7,3,6,5
1047,1.05,1,0.3558,1,0,0,0
1048,0.0998,1,0.3557,0,1,0,0
1049,1.8422,2,0.3554,0,1,1,0
1050,2.6453,3,0.3551,0,3,0,0
1051,3.8585,2,0.3548,0,1,0,1
1052,2.6711,3,0.3545,0,1,1,1
1053,0.8836,3,0.3541,1,1,1,0
1054,5.7512,1,0.354,0,1,0,0
1055,9.154,5,0.3534,1,0,3,1
1056,6.6301,4,0.3529,0,1,2,1
1057,3.1573,7,0.3521,0,3,3,1
1058,2.4632,3,0.3517,0,0,3,0
1059,0.4025,1,0.3516,0,0,1,0
1060,2.2668,3,0.3513,0,0,3,0
1061,7.9912,2,0.351,0,0,0,2
1062,5.6929,9,0.35,1,1,4,3
1063,17.8269,6,0.3493,0,1,1,4
1064,1.2611,1,0.3491,0,0,0,1
1065,9.4993,3,0.3488,1,1,0,1
1066,7.8368,12,0.3474,4,3,3,2
1067,9.1912,3,0.347,0,1,1,1
1068,1.3686,1,0.3469,0,0,0,1
1069,3.7576,2,0.3466,1,0,1,0
1070,42.0997,8,0.3457,3,2,2,1
1071,3.0004,2,0.3455,1,0,1,0
1072,0.1632,1,0.3453,0,0,1,0
1073,0.2674,1,0.3452,0,0,1,0
1074,5.4485,1,0.3451,0,0,1,0
1075,26.2957,3,0.3447,0,0,3,0
1076,9.8861,3,0.3444,1,1,1,0
1077,0.3279,4,0.3439,1,1,1,1
1078,2.0724,2,0.3437,0,1,0,1
1079,4.3533,2,0.3434,1,1,0,0
1080,6.7118,2,0.3432,0,0,1,1
1081,2.0616,3,0.3428,1,1,0,1
1082,13.5079,4,0.3424,0,2,1,1
1083,18.539,7,0.3415,1,2,2,2
1084,6.1489,1,0.3414,0,1,0,0
1085,3.9006,8,0.3405,0,2,4,2
1086,0.5921,1,0.3403,0,0,1,0
1087,0.5998,3,0.34,0,0,2,1
1088,0.3788,1,0.3399,0,0,1,0
1089,22.4047,5,0.3393,1,1,3,0
1090,4.7139,3,0.3389,0,1,2,0
1091,8.6071,2,0.3387,0,0,1,1
1092,12.7563,6,0.338,0,2,4,0
1093,13.3447,3,0.3376,2,0,1,0
1094,728.0883,392,0.2911,106,112,93,81
1095,82.2641,78,0.2818,13,25,36,4
1096,30.1503,25,0.2788,11,5,4,5
1097,0.0873,1,0.2787,0,1,0,0
1098,7.2119,2,0.2785,0,0,1,1
1099,1.3027,1,0.2784,0,0,1,0
1100,4.626,1,0.2782,0,1,0,0
1101,7.8313,6,0.2775,0,1,4,1
1102,11.4433,2,0.2773,0,1,1,0
1103,0.017,1,0.2772,0,1,0,0
1104,0.3998,1,0.2771,0,1,0,0
1105,48.0129,14,0.2754,4,7,3,0
1106,19.8597,3,0.275,1,1,1,0
1107,0.5999,1,0.2749,0,1,0,0
1108,3.5374,4,0.2744,1,1,0,2
1109,0.8719,3,0.2741,0,1,0,2
1110,2.2503,1,0.274,0,1,0,0
1111,1.2496,1,0.2738,0,1,0,0
1112,1.075,1,0.2737,0,1,0,0
1113,0.5999,1,0.2736,0,1,0,0
1114,18.6804,4,0.2731,1,3,0,0
1115,0.725,1,0.273,0,1,0,0
1116,0.4944,2,0.2728,0,0,0,2
1117,18.0196,9,0.2717,2,3,3,1
1118,33.6569,10,0.2705,1,1,6,2
1119,6.9282,9,0.2695,0,5,3,1
1120,12.1091,17,0.2674,2,4,4,7
1121,7.6175,7,0.2666,0,4,3,0
1122,6.1489,1,0.2665,0,1,0,0
1123,19.7608,7,0.2657,1,5,0,1
1124,1.8421,2,0.2654,0,1,0,1
1125,62.5574,34,0.2614,11,14,5,4
1126,5.2638,3,0.261,1,1,0,1
1127,1.5854,1,0.2609,0,0,0,1
1128,15.5422,5,0.2603,3,1,1,0
1129,14.1477,3,0.26,2,1,0,0
1130,1.1323,5,0.2594,3,1,0,1
1131,9.4982,3,0.259,0,1,2,0
1132,1.5396,1,0.2589,0,0,1,0
1133,17.945,7,0.2581,1,2,4,0
1134,23.4046,7,0.2572,0,0,7,0
1135,28.0502,4,0.2567,0,1,3,0
1136,21.8001,13,0.2552,6,1,2,4
1137,2.1317,2,0.255,0,1,0,1
1138,5.7512,1,0.2548,0,1,0,0
1139,1.4976,1,0.2547,0,1,0,0
1140,4.4744,2,0.2545,0,0,1,1
1141,9.7337,2,0.2543,0,1,0,1
1142,1.6252,1,0.2541,0,1,0,0
1143,2.3753,1,0.254,0,1,0,0
1144,3.6244,1,0.2539,0,0,1,0
1145,2.0003,1,0.2538,0,1,0,0
1146,1.8749,2,0.2535,0,2,0,0
1147,1.2791,1,0.2534,0,0,1,0
1148,3.4257,1,0.2533,0,1,0,0
1149,1.3751,1,0.2532,0,1,0,0
1150,29.3658,9,0.2521,3,3,1,2
1151,7.4091,3,0.2518,0,1,2,0
1152,2.4979,1,0.2516,0,1,0,0
1153,14.236,1,0.2515,0,1,0,0
1154,17.0209,7,0.2507,3,2,2,0
1155,44.9986,18,0.2486,4,7,6,1
1156,4.3757,2,0.2483,0,2,0,0
1157,8.6268,2,0.2481,0,2,0,0
1158,7.3041,2,0.2478,0,1,1,0
1159,15.4793,4,0.2474,2,1,1,0
1160,16.937,6,0.2467,0,1,4,1
1161,106.1118,43,0.2415,11,12,9,11
1162,7.1985,12,0.2401,0,3,8,1
1163,15.5038,1,0.24,0,1,0,0
1164,1.1281,5,0.2394,0,2,2,1
1165,9.9735,3,0.2391,0,0,3,0
1166,9.6197,5,0.2385,1,2,1,1
1167,1.5815,2,0.2382,0,1,0,1
1168,11.1997,2,0.238,0,1,1,0
1169,9.8417,2,0.2377,1,1,0,0
1170,2.2503,1,0.2376,0,1,0,0
1171,30.216,10,0.2364,1,4,5,0
1172,14.0534,1,0.2363,0,1,0,0
1173,4.0647,4,0.2358,1,1,2,0
1174,0.0377,1,0.2357,0,0,0,1
1175,13.2888,2,0.2355,0,1,1,0
1176,7.7183,4,0.235,0,3,1,0
1177,13.278,14,0.2334,1,3,7,3
1178,1.0526,1,0.2332,1,0,0,0
1179,4.0064,6,0.2325,2,1,1,2
1180,40.3638,12,0.2311,5,1,3,3
1181,14.3247,6,0.2304,1,2,3,0
1182,4.2114,1,0.2303,1,0,0,0
1183,4.5009,1,0.2301,0,1,0,0
1184,13.8514,4,0.2297,0,2,2,0
1185,0.7047,2,0.2294,0,2,0,0
1186,4.1164,3,0.2291,0,0,2,1
1187,17.0041,6,0.2284,0,1,4,1
1188,7.6433,4,0.2279,0,0,3,1
1189,1.0169,4,0.2274,0,0,2,2
1190,0.0187,1,0.2273,0,0,0,1
1191,14.6449,4,0.2268,2,1,1,0
1192,28.6497,10,0.2256,9,0,1,0
1193,7.2516,1,0.2255,0,1,0,0
1194,20.4343,2,0.2253,0,1,1,0
1195,1.5002,1,0.2252,0,1,0,0
1196,4.7783,18,0.223,0,12,6,0
1197,2.0087,1,0.2229,0,0,1,0
1198,15.1877,2,0.2227,0,0,1,1
1199,8.9258,3,0.2223,0,1,2,0
1200,5.093,2,0.2221,0,0,2,0
1201,4.264,1,0.222,0,0,1,0
1202,32.2611,6,0.2212,0,2,4,0
1203,6.9921,2,0.221,0,1,1,0
1204,15.4341,5,0.2204,2,1,1,1
1205,13.7632,4,0.2199,2,0,1,1
1206,0.3314,1,0.2198,1,0,0,0
1207,19.9779,4,0.2193,1,1,2,0
1208,2.8953,1,0.2192,1,0,0,0
1209,0.2366,1,0.2191,1,0,0,0
1210,5.7512,1,0.219,0,1,0,0
1211,0.825,1,0.2189,0,1,0,0
1212,0.2748,1,0.2187,0,1,0,0
1213,0.4374,1,0.2186,0,1,0,0
1214,9.564,3,0.2183,0,1,1,1
1215,36.163,10,0.2171,3,4,3,0
1216,2.1696,3,0.2167,0,2,1,0
1217,7.3041,2,0.2165,0,1,1,0
1218,2.1253,1,0.2164,0,1,0,0
1219,16.8335,10,0.2152,2,3,4,1
1220,8.87,3,0.2148,0,1,2,0
1221,1.1843,1,0.2147,0,0,1,0
1222,0.0998,1,0.2146,0,1,0,0
1223,1.075,1,0.2145,0,1,0,0
1224,2.6713,2,0.2142,0,1,1,0
1225,19.6818,15,0.2125,4,5,6,0
1226,23.8663,3,0.2121,0,2,1,0
1227,9.1123,6,0.2114,1,0,5,0
1228,0.0998,1,0.2113,0,1,0,0
1229,4.2006,2,0.211,0,2,0,0
1230,18.4292,10,0.2098,1,4,4,1
1231,2.5529,2,0.2096,0,1,0,1
1232,1.7502,1,0.2095,0,1,0,0
1233,0.3587,2,0.2092,1,1,0,0
1234,12.1279,1,0.2091,0,1,0,0
1235,59.1459,4,0.2087,1,1,2,0
1236,6.3683,2,0.2084,0,1,1,0
1237,10.2323,8,0.2075,0,5,2,1
1238,24.0979,15,0.2057,4,8,0,3
1239,13.6217,8,0.2047,0,3,4,1
1240,5.4506,3,0.2044,0,2,1,0
1241,1.2501,1,0.2043,0,1,0,0
1242,10.2783,3,0.2039,0,1,2,0
1243,0.3998,1,0.2038,0,1,0,0
1244,3.2506,1,0.2037,0,1,0,0
1245,24.7578,9,0.2026,1,0,3,5
1246,1.5002,1,0.2025,0,1,0,0
1247,20.6782,7,0.2016,5,1,1,0
1248,22.1501,2,0.2014,0,0,1,1
1249,1.5002,1,0.2013,0,1,0,0
1250,0.6589,3,0.2009,0,2,1,0
1251,0.4498,1,0.2008,0,1,0,0
1252,3.8255,2,0.2006,0,2,0,0
1253,8.6151,3,0.2002,0,2,1,0
1254,17.0949,9,0.1992,0,1,7,1
1255,2.1253,1,0.199,0,1,0,0
1256,14.6472,11,0.1977,0,0,9,2
1257,15.9246,3,0.1974,0,1,2,0
1258,4.264,1,0.1973,0,0,1,0
1259,59.9018,20,0.1949,9,5,3,3
1260,0.0052,1,0.1948,0,0,1,0
1261,10.0642,8,0.1938,2,0,6,0
1262,11.193,5,0.1932,0,2,3,0
1263,31.4602,3,0.1929,0,1,2,0
1264,9.715,3,0.1925,0,2,1,0
1265,6.2823,7,0.1917,0,4,3,0
1266,63.061,10,0.1905,5,2,3,0
1267,9.8571,3,0.1901,0,1,2,0
1268,3.4007,5,0.1895,1,1,2,1
1269,2.0129,5,0.1889,0,1,1,3
1270,6.1979,5,0.1883,1,1,1,2
1271,4.6192,2,0.1881,0,1,1,0
1272,6.1075,6,0.1874,3,2,1,0
1273,4.0008,1,0.1873,0,1,0,0
1274,13.58,5,0.1867,0,2,3,0
1275,21.4209,3,0.1863,0,2,1,0
1276,8.7518,2,0.1861,0,2,0,0
1277,0.9544,2,0.1859,0,1,1,0
1278,2.1326,2,0.1856,0,2,0,0
1279,0.9747,2,0.1854,0,2,0,0
1280,10.5262,1,0.1853,1,0,0,0
1281,2.0003,1,0.1851,0,1,0,0
1282,0.2094,3,0.1848,0,3,0,0
1283,11.3459,2,0.1845,0,1,1,0
1284,4.5009,1,0.1844,0,1,0,0
1285,9.2651,2,0.1842,0,1,1,0
1286,9.7506,2,0.184,0,1,0,1
1287,4.5009,1,0.1838,0,1,0,0
1288,1.125,1,0.1837,0,1,0,0
1289,6.4246,3,0.1834,0,1,2,0
1290,18.6119,12,0.1819,3,1,3,5
1291,6.5012,2,0.1817,0,2,0,0
1292,5.6931,2,0.1815,1,0,1,0
1293,1.1346,1,0.1813,0,0,1,0
1294,0.2104,1,0.1812,1,0,0,0
1295,0.7105,1,0.1811,0,0,1,0
1296,1.9274,3,0.1807,1,1,1,0
1297,18.7861,2,0.1805,1,0,1,0
1298,4.7372,4,0.18,0,3,1,0
1299,12.4135,1,0.1799,0,0,1,0
1300,80.0961,15,0.1781,9,1,3,2
1301,9.8179,2,0.1779,0,1,1,0
1302,7.7183,5,0.1773,1,1,3,0
1303,24.3211,13,0.1758,3,1,6,3
1304,14.547,9,0.1747,2,3,1,3
1305,27.7171,3,0.1743,0,0,3,0
1306,0.6246,2,0.1741,0,2,0,0
1307,2.4979,1,0.174,0,1,0,0
1308,150.5138,15,0.1722,7,3,4,1
1309,71.8981,23,0.1695,9,2,6,6
1310,36.589,19,0.1672,8,5,4,2
1311,15.2005,3,0.1669,1,0,1,1
1312,0.4624,1,0.1667,0,1,0,0
1313,3.8008,1,0.1666,0,1,0,0
1314,1.6943,4,0.1661,0,1,1,2
1315,6.7118,2,0.1659,0,0,1,1
1316,8.7981,3,0.1655,0,1,2,0
1317,13.337,3,0.1652,0,0,3,0
1318,0.829,1,0.1651,0,0,1,0
1319,23.0844,3,0.1647,0,0,2,1
1320,3.1477,3,0.1644,0,0,3,0
1321,5.5809,3,0.164,0,2,1,0
1322,9.4735,1,0.1639,0,0,1,0
1323,14.3514,7,0.1631,0,2,5,0
1324,3.1071,4,0.1626,0,2,2,0
1325,0.3066,2,0.1623,0,1,1,0
1326,5.4744,3,0.162,0,0,2,1
1327,11.6471,4,0.1615,0,1,3,0
1328,4.9698,2,0.1613,0,0,2,0
1329,56.602,5,0.1607,2,1,2,0
1330,1.7054,1,0.1606,0,0,1,0
1331,0.2011,1,0.1604,0,0,1,0
1332,8.3701,2,0.1602,0,1,1,0
1333,40.1331,10,0.159,4,3,2,1
1334,5.6615,2,0.1588,0,0,2,0
1335,31.0776,7,0.1579,3,0,4,0
1336,34.9483,10,0.1568,5,2,2,1
1337,0.7674,1,0.1566,0,0,1,0
1338,6.7199,4,0.1562,0,2,2,0
1339,1.2611,1,0.156,0,0,0,1
1340,10.6595,5,0.1555,2,0,1,2
1341,0.1999,1,0.1553,0,1,0,0
1342,3.2285,2,0.1551,0,1,0,1
1343,16.5088,2,0.1549,0,2,0,0
1344,30.3753,4,0.1544,2,0,2,0
1345,22.0484,19,0.1521,2,2,11,4
1346,14.9836,1,0.152,0,1,0,0
1347,0.9151,4,0.1515,1,0,0,3
1348,1.3573,3,0.1512,0,2,0,1
1349,13.3711,3,0.1508,2,1,0,0
1350,5.7512,1,0.1507,0,1,0,0
1351,26.6077,8,0.1498,3,3,1,1
1352,3.6518,2,0.1495,0,1,1,0
1353,16.6482,3,0.1492,0,1,2,0
1354,40.3907,14,0.1475,0,2,9,3
1355,0.4735,1,0.1474,0,0,1,0
1356,4.264,1,0.1473,0,0,1,0
1357,28.187,7,0.1464,3,0,4,0
1358,0.6654,1,0.1463,0,0,1,0
1359,16.4507,4,0.1458,2,0,2,0
1360,10.1453,11,0.1445,5,6,0,0
1361,1.362,1,0.1444,0,0,1,0
1362,1.3027,1,0.1443,0,0,1,0
1363,1.4449,1,0.1442,0,0,1,0
1364,21.9602,3,0.1438,0,0,3,0
1365,2.4555,8,0.1429,0,3,4,1
1366,3.6257,6,0.1422,0,0,2,4
1367,1.3442,4,0.1417,0,0,2,2
1368,33.5037,5,0.1411,0,1,3,1
1369,0.1182,1,0.141,0,0,1,0
1370,9.2061,9,0.1399,0,3,3,3
1371,4.264,1,0.1398,0,0,1,0
1372,2.3688,1,0.1397,1,0,0,0
1373,8.4764,8,0.1387,0,4,3,1
1374,32.7215,12,0.1373,7,0,4,1
1375,0.2367,1,0.1372,0,0,1,0
1376,1.3849,2,0.1369,0,0,1,1
1377,2.0135,1,0.1368,0,0,1,0
1378,186.2219,54,0.1304,13,4,36,1
1379,11.6529,6,0.1297,3,1,2,0
1380,4.0061,4,0.1292,0,1,1,2
1381,16.6583,3,0.1289,0,0,3,0
1382,0.3788,1,0.1287,0,0,1,0
1383,54.5675,23,0.126,3,8,10,2
1384,1.8738,4,0.1255,0,1,3,0
1385,0.1893,1,0.1254,0,0,1,0
1386,8.2804,11,0.1241,2,4,3,2
1387,5.6854,1,0.124,0,0,1,0
1388,7.6988,2,0.1237,0,0,2,0
1389,3.7927,2,0.1235,0,1,1,0
1390,27.8139,5,0.1229,2,0,3,0
1391,11.229,1,0.1228,0,0,1,0
1392,3.3161,2,0.1226,0,0,2,0
1393,1.9079,2,0.1223,0,0,1,1
1394,14.6878,1,0.1222,0,0,1,0
1395,1.7766,1,0.1221,0,0,1,0
1396,4.3765,7,0.1213,1,4,2,0
1397,2.7692,1,0.1211,0,0,1,0
1398,0.068,2,0.1209,0,0,1,1
1399,20.2001,10,0.1197,7,0,3,0
1400,1.1225,1,0.1196,0,1,0,0
1401,6.4668,3,0.1192,0,0,3,0
1402,5.3795,9,0.1182,1,2,2,4
1403,11.821,2,0.1179,0,0,2,0
1404,20.2512,6,0.1172,1,2,3,0
1405,5.5393,3,0.1169,0,2,1,0
1406,1.8511,7,0.116,1,4,2,0
1407,7.6038,3,0.1157,0,0,3,0
1408,2.3214,1,0.1156,0,0,1,0
1409,0.4735,1,0.1154,0,0,1,0
1410,3.5768,2,0.1152,0,0,2,0
1411,7.1915,5,0.1146,2,1,2,0
1412,3.2216,1,0.1145,0,0,1,0
1413,12.685,8,0.1135,1,3,3,1
1414,4.5689,3,0.1132,0,1,2,0
1415,7.0931,4,0.1127,0,1,2,1
1416,7.1067,2,0.1125,0,0,2,0
1417,10.0681,1,0.1123,0,0,1,0
1418,11.8444,3,0.112,0,0,3,0
1419,22.8048,4,0.1115,2,0,2,0
1420,2.9609,2,0.1113,0,0,2,0
1421,1.1578,2,0.111,1,0,0,1
1422,4.0272,1,0.1109,0,0,1,0
1423,5.4485,1,0.1108,0,0,1,0
1424,5.567,1,0.1107,0,0,1,0
1425,11.5549,8,0.1097,4,1,3,0
1426,4.5259,1,0.1096,0,1,0,0
1427,43.8338,6,0.1089,0,2,4,0
1428,3.6582,3,0.1085,0,1,2,0
1429,4.6194,1,0.1084,0,0,1,0
1430,7.6753,2,0.1082,0,0,2,0
1431,298.0236,110,0.0951,22,37,15,36
1432,7.7335,3,0.0948,1,1,1,0
1433,5.1305,5,0.0942,0,2,3,0
1434,8.7629,1,0.0941,0,0,1,0
1435,1.4732,3,0.0937,0,2,1,0
1436,0.829,1,0.0936,0,0,1,0
1437,14.6,2,0.0933,0,0,2,0
1438,1.1843,1,0.0932,0,0,1,0
1439,7.1069,1,0.0931,0,0,1,0
1440,32.2017,3,0.0928,0,0,3,0
1441,33.2225,4,0.0923,0,0,3,1
1442,3.0768,2,0.092,0,0,2,0
1443,6.8436,1,0.0919,1,0,0,0
1444,40.7509,16,0.09,5,0,4,7
1445,6.2986,9,0.089,1,8,0,0
1446,0.775,1,0.0888,0,1,0,0
1447,0.1223,1,0.0887,0,1,0,0
1448,0.3498,1,0.0886,0,1,0,0
1449,0.3498,1,0.0885,0,1,0,0
1450,14.4708,6,0.0878,1,2,3,0
1451,6.1471,2,0.0875,0,1,1,0
1452,0.3314,1,0.0874,0,0,1,0
1453,0.4912,2,0.0872,0,1,1,0
1454,4.264,1,0.0871,0,0,1,0
1455,8.7652,1,0.0869,0,0,1,0
1456,4.3825,1,0.0868,0,0,1,0
1457,2.6126,3,0.0865,0,1,2,0
1458,5.4485,1,0.0863,0,0,1,0
1459,1.7265,2,0.0861,0,0,2,0
1460,4.5127,4,0.0856,0,1,3,0
1461,3.9321,2,0.0854,0,0,2,0
1462,2.0087,1,0.0853,0,0,1,0
1463,1.173,2,0.085,0,1,1,0
1464,14.1742,2,0.0848,1,0,1,0
1465,0.4055,2,0.0846,0,1,1,0
1466,63.5294,10,0.0834,4,5,0,1
1467,0.0247,1,0.0833,0,1,0,0
1468,1.5002,1,0.0831,0,1,0,0
1469,17.1377,11,0.0818,3,6,2,0
1470,13.2662,2,0.0816,0,0,2,0
1471,0.1161,1,0.0815,0,0,1,0
1472,5.5188,4,0.081,0,0,4,0
1473,0.0797,1,0.0809,0,1,0,0
1474,16.7352,4,0.0804,0,1,3,0
1475,1.1748,2,0.0802,0,1,1,0
1476,25.4769,4,0.0797,1,2,1,0
1477,2.0501,2,0.0795,0,2,0,0
1478,14.728,3,0.0791,0,3,0,0
1479,14.8146,4,0.0786,1,3,0,0
1480,5.2916,12,0.0772,0,8,2,2
1481,1.4212,1,0.0771,0,0,1,0
1482,2.7953,1,0.077,0,0,1,0
1483,4.7378,1,0.0768,0,0,1,0
1484,0.4025,1,0.0767,0,0,1,0
1485,45.5774,5,0.0761,2,0,3,0
1486,0.3749,1,0.076,0,1,0,0
1487,3.4733,5,0.0754,0,4,1,0
1488,1.8753,1,0.0753,0,1,0,0
1489,10.1867,1,0.0752,0,0,1,0
1490,11.7877,4,0.0747,1,2,0,1
1491,44.4086,13,0.0732,10,2,0,1
1492,1.0976,1,0.073,0,1,0,0
1493,3.026,9,0.072,0,1,5,3
1494,1.5002,1,0.0719,0,1,0,0
1495,0.7999,1,0.0717,0,1,0,0
1496,1.5002,1,0.0716,0,1,0,0
1497,3.1474,5,0.071,1,1,3,0
1498,8.3917,5,0.0704,1,4,0,0
1499,0.01,1,0.0703,0,1,0,0
1500,18.5044,2,0.0701,1,0,1,0
1501,13.9106,4,0.0696,0,2,1,1
1502,1.5002,1,0.0695,0,1,0,0
1503,27.9192,2,0.0692,0,1,0,1
1504,0.0998,1,0.0691,0,1,0,0
1505,17.9601,4,0.0686,0,2,2,0
1506,0.5749,1,0.0685,0,1,0,0
1507,2.4979,1,0.0684,0,1,0,0
1508,19.237,4,0.0679,2,1,1,0
1509,0.3498,1,0.0678,0,1,0,0
1510,3.2398,3,0.0675,0,1,1,1
1511,13.1032,1,0.0673,0,1,0,0
1512,1.8252,1,0.0672,0,1,0,0
1513,24.0392,5,0.0666,2,2,1,0
1514,6.2764,1,0.0665,0,1,0,0
1515,13.979,4,0.066,2,1,1,0
1516,6.9633,2,0.0658,0,1,1,0
1517,9.8572,3,0.0654,2,1,0,0
1518,9.5023,1,0.0653,0,1,0,0
1519,2.3653,2,0.0651,1,1,0,0
1520,3.3164,1,0.065,0,0,1,0
1521,0.8969,3,0.0646,1,0,2,0
1522,1.0184,1,0.0645,0,0,1,0
1523,0.5313,2,0.0643,0,0,1,1
1524,2.2503,1,0.0641,0,1,0,0
1525,2.6261,4,0.0637,1,0,1,2
1526,1.5002,1,0.0635,0,1,0,0
1527,25.5993,4,0.0631,0,3,1,0
1528,11.1997,2,0.0628,0,1,1,0
1529,3.7507,1,0.0627,0,1,0,0
1530,8.4874,2,0.0625,0,1,1,0
1531,4.6805,5,0.0619,0,4,1,0
1532,12.4951,2,0.0616,0,1,1,0
1533,46.2404,11,0.0603,3,3,4,1
1534,11.8958,6,0.0596,3,0,1,2
1535,1.6581,1,0.0595,0,0,1,0
1536,6.6374,5,0.0589,0,1,3,1
1537,9.5861,9,0.0578,1,5,3,0
1538,0.5447,1,0.0577,0,0,1,0
1539,12.9346,2,0.0575,0,0,2,0
1540,0.8722,2,0.0572,0,2,0,0
1541,9.6594,4,0.0568,2,1,1,0
1542,31.2023,8,0.0558,5,2,0,1
1543,9.9953,3,0.0555,0,2,1,0
1544,30.5851,12,0.054,9,2,1,0
1545,1.7158,2,0.0538,0,1,0,1
1546,0.1053,2,0.0536,0,1,0,1
1547,0.0498,1,0.0534,0,1,0,0
1548,24.6563,6,0.0527,3,2,1,0
1549,2.2503,1,0.0526,0,1,0,0
1550,10.8571,4,0.0521,0,3,1,0
1551,2.4162,1,0.052,0,0,1,0
1552,1.7047,5,0.0514,0,2,3,0
1553,3.2368,4,0.051,0,3,1,0
1554,3.9087,1,0.0508,0,0,1,0
1555,2.1319,1,0.0507,0,0,1,0
1556,10.1531,10,0.05,3,3,4,0
1557,6.1035,3,0.05,0,1,2,0
1558,8.2516,2,0.05,0,2,0,0
1559,0.5324,1,0.05,0,1,0,0
1560,15.9991,9,0.05,6,2,1,0
1561,18.4343,12,0.05,10,1,0,1
1562,2.2479,1,0.05,0,1,0,0
1563,34.6799,12,0.05,9,1,0,2
1564,8.3276,4,0.05,0,0,1,3
1565,2.0421,2,0.05,0,0,1,1
1566,0.1537,1,0.05,0,0,1,0
1567,7.1855,2,0.05,1,0,1,0
1568,6.7113,4,0.05,2,0,2,0
1569,9.2497,1,0.05,0,1,0,0
1570,4.5009,1,0.05,0,1,0,0
1571,4.694,2,0.05,0,1,1,0
1572,5.6671,2,0.05,0,1,1,0
1573,4.5009,1,0.05,0,1,0,0
1574,30.2645,16,0.05,10,3,0,3
1575,0.6371,1,0.05,0,0,1,0
1576,12.9302,6,0.05,2,2,2,0
1577,7.1603,4,0.05,3,1,0,0
1578,26.7875,11,0.05,2,7,2,0
1579,9.4459,5,0.05,0,2,1,2
1580,4.3426,3,0.05,1,1,0,1
1581,11.1411,5,0.05,2,1,1,1
1582,3.2506,1,0.05,0,1,0,0
1583,24.441,5,0.05,1,4,0,0
1584,10.9632,2,0.05,0,1,1,0
1585,13.8573,6,0.05,4,1,1,0
1586,1.0997,2,0.05,0,2,0,0
1587,7.9883,2,0.05,1,1,0,0
1588,4.0838,3,0.05,0,2,1,0
1589,2.2503,1,0.05,0,1,0,0
1590,7.3429,8,0.05,0,4,4,0
1591,664.4224,453,0.05,131,143,68,111
1592,5.9879,2,0.05,0,1,0,1
1593,2.1404,1,0.05,0,1,0,0
1594,0.0748,1,0.05,0,1,0,0
1595,5.5878,2,0.05,0,1,0,1
1596,3.2506,1,0.05,0,1,0,0
1597,3.431,4,0.05,0,1,0,3
1598,4.9986,1,0.05,0,1,0,0
1599,16.499,5,0.05,0,1,1,3
1600,2.1404,1,0.05,0,1,0,0
1601,1.5902,1,0.05,0,1,0,0
1602,2.5976,2,0.05,0,2,0,0
1603,3.3006,1,0.05,0,1,0,0
1604,3.0863,3,0.05,0,1,1,1
1605,0.6499,1,0.05,0,1,0,0
1606,11.8877,4,0.05,1,3,0,0
1607,2.7005,1,0.05,0,1,0,0
1608,7.6328,3,0.05,0,2,1,0
1609,8.2494,1,0.05,0,1,0,0
1610,1.3998,2,0.05,0,2,0,0
1611,7.2381,3,0.05,0,1,2,0
1612,14.0277,4,0.05,0,4,0,0
1613,42.7297,19,0.05,14,4,1,0
1614,0.6997,2,0.05,0,2,0,0
1615,0.8617,4,0.05,0,4,0,0
1616,16.1898,5,0.05,2,2,1,0
1617,79.6596,27,0.05,18,3,2,4
1618,35.816,26,0.05,7,16,1,2
1619,1.1757,5,0.05,0,3,2,0
1620,6.3414,3,0.05,0,3,0,0
1621,0.2998,1,0.05,0,1,0,0
1622,6.0159,10,0.05,2,2,3,3
1623,0.4498,1,0.05,0,1,0,0
1624,19.9842,6,0.05,0,2,1,3
1625,11.3573,4,0.05,1,1,0,2
1626,15.3265,5,0.05,1,1,0,3
1627,4.9865,4,0.05,0,3,0,1
1628,15.8682,17,0.05,1,4,12,0
1629,5.0172,4,0.05,0,1,0,3
1630,0.3292,3,0.05,0,1,2,0
1631,1.8252,1,0.05,0,1,0,0
1632,2.1404,1,0.05,0,1,0,0
1633,3.7507,1,0.05,0,1,0,0
1634,21.109,19,0.05,5,10,0,4
1635,1.1876,1,0.05,0,1,0,0
1636,1.1001,1,0.05,0,1,0,0
1637,6.5015,1,0.05,0,1,0,0
1638,3.6079,2,0.05,0,2,0,0
1639,16.7964,6,0.05,4,2,0,0
1640,3.6559,2,0.05,0,1,1,0
1641,5.6458,2,0.05,0,1,0,1
1642,14.3117,5,0.05,1,3,0,1
1643,16.5405,3,0.05,1,1,0,1
1644,32.8293,4,0.05,2,1,0,1
1645,42.8022,9,0.05,4,4,0,1
1646,13.8227,3,0.05,1,2,0,0
1647,4.0008,1,0.05,0,1,0,0
1648,2.2503,1,0.05,0,1,0,0
1649,0.2248,1,0.05,0,1,0,0
1650,5.231,3,0.05,0,1,1,1
1651,16.2544,11,0.05,2,4,4,1
1652,8.2494,1,0.05,0,1,0,0
1653,0.0498,1,0.05,0,1,0,0
1654,61.6555,4,0.05,0,0,4,0
1655,0.4749,1,0.05,0,1,0,0
1656,13.7196,5,0.05,1,3,1,0
1657,7.5879,4,0.05,2,1,1,0
1658,6.5015,1,0.05,0,1,0,0
1659,14.5598,3,0.05,1,2,0,0
1660,6.5015,1,0.05,0,1,0,0
1661,27.2132,14,0.05,0,12,2,0
1662,8.1269,1,0.05,0,1,0,0
1663,6.6684,3,0.05,0,1,1,1
1664,0.3788,1,0.05,0,0,1,0
1665,3.5924,3,0.05,0,0,1,2
1666,0.4712,1,0.05,0,0,1,0
1667,5.8563,2,0.05,0,1,0,1
1668,7.4602,9,0.05,1,4,1,3
1669,0.4249,1,0.05,0,1,0,0
1670,43.2724,9,0.05,3,3,2,1
1671,0.0748,1,0.05,0,1,0,0
1672,29.0897,13,0.05,1,2,8,2
1673,37.7556,7,0.05,2,1,4,0
1674,8.3453,4,0.05,1,2,1,0
1675,21.9516,6,0.05,3,2,1,0
1676,9.2385,3,0.05,1,1,0,1
1677,5.0337,2,0.05,0,1,0,1
1678,5.7512,1,0.05,0,1,0,0
1679,0.6499,1,0.05,0,1,0,0
1680,1.7502,1,0.05,0,1,0,0
1681,0.3148,1,0.05,0,1,0,0
1682,5.3064,6,0.05,1,3,0,2
1683,10.8035,3,0.05,1,1,0,1
1684,31.1996,4,0.05,1,2,1,0
1685,5.5012,1,0.05,0,1,0,0
1686,2.4754,1,0.05,0,1,0,0
1687,23.7149,2,0.05,0,1,1,0
1688,2.1003,1,0.05,0,1,0,0
1689,0.5249,1,0.05,0,1,0,0
1690,0.4998,1,0.05,0,1,0,0
1691,0.6499,1,0.05,0,1,0,0
1692,28.7131,15,0.05,6,3,5,1
1693,117.2537,115,0.05,27,69,18,1
1694,6.2643,2,0.05,0,1,0,1
1695,14.9078,6,0.05,3,1,0,2
1696,0.0323,1,0.05,0,1,0,0
1697,27.6014,2,0.05,0,1,0,1
1698,13.3027,3,0.05,0,2,0,1
1699,2.6805,2,0.05,0,1,0,1
1700,1.4376,4,0.05,0,3,0,1
1701,0.1623,1,0.05,0,1,0,0
1702,8.0015,2,0.05,0,2,0,0
1703,9.4363,2,0.05,0,1,0,1
1704,7.2516,1,0.05,0,1,0,0
1705,41.5083,9,0.05,6,1,1,1
1706,3.3952,2,0.05,0,1,0,1
1707,8.0019,1,0.05,0,1,0,0
1708,25.1028,5,0.05,3,1,0,1
1709,6.9219,6,0.05,0,3,3,0
1710,1.3337,4,0.05,0,1,2,1
1711,7.3123,11,0.05,2,7,0,2
1712,8.2494,1,0.05,0,1,0,0
1713,1.075,1,0.05,0,1,0,0
1714,30.6589,13,0.05,6,6,0,1
1715,4.2118,12,0.05,0,8,2,2
1716,15.5038,1,0.05,0,1,0,0
1717,9.4853,11,0.05,1,9,1,0
1718,9.6162,3,0.05,0,1,1,1
1719,8.4209,1,0.05,0,0,0,1
1720,15.5038,1,0.05,0,1,0,0
1721,4.0461,4,0.05,2,2,0,0
1722,9.6909,4,0.05,3,1,0,0
1723,1.175,1,0.05,0,1,0,0
1724,3.7507,1,0.05,0,1,0,0
1725,0.95,1,0.05,0,1,0,0
1726,12.4621,7,0.05,4,1,1,1
1727,14.5052,7,0.05,2,2,1,2
1728,15.424,4,0.05,0,3,0,1
1729,7.9882,4,0.05,0,1,0,3
1730,12.1327,3,0.05,0,1,0,2
1731,2.0724,2,0.05,0,1,0,1
1732,3.7308,2,0.05,0,1,0,1
1733,2.7505,1,0.05,0,1,0,0
1734,0.0702,2,0.05,0,1,0,1
1735,1.8753,1,0.05,0,1,0,0
1736,3.2506,1,0.05,0,1,0,0
1737,0.1498,1,0.05,0,1,0,0
1738,0.0373,1,0.05,0,1,0,0
1739,1.0851,3,0.05,0,1,0,2
1740,9.0062,5,0.05,0,3,1,1
1741,0.8764,1,0.05,0,0,1,0
1742,8.7629,1,0.05,0,0,1,0
1743,15.8494,5,0.05,0,0,4,1
1744,0.5499,1,0.05,0,1,0,0
1745,2.3688,1,0.05,0,0,1,0
1746,2.4872,1,0.05,0,0,1,0
1747,2.3688,1,0.05,0,0,1,0
1748,8.2516,2,0.05,0,2,0,0
1749,3.8257,1,0.05,0,1,0,0
1750,17.379,2,0.05,0,2,0,0
1751,25.4951,26,0.05,5,20,0,1
1752,13.1612,8,0.05,3,2,0,3
1753,1.2476,1,0.05,0,1,0,0
1754,31.2153,14,0.05,6,3,5,0
1755,5.0008,2,0.05,0,2,0,0
1756,0.875,1,0.05,0,1,0,0
1757,8.252,1,0.05,0,1,0,0
1758,26.1913,12,0.05,1,9,2,0
1759,107.4093,20,0.05,6,5,0,9
1760,4.8576,2,0.05,0,1,0,1
1761,10.5277,4,0.05,0,2,0,2
1762,15.5038,1,0.05,0,1,0,0
1763,27.8689,6,0.05,4,1,0,1
1764,4.9988,1,0.05,0,1,0,0
1765,15.4652,4,0.05,0,2,2,0
1766,47.8591,5,0.05,3,1,1,0
1767,2.4004,1,0.05,0,1,0,0
1768,1.8247,3,0.05,0,3,0,0
1769,9.5023,1,0.05,0,1,0,0
1770,0.925,1,0.05,0,1,0,0
1771,21.8467,8,0.05,2,3,3,0
1772,8.8036,5,0.05,1,1,3,0
1773,8.2914,1,0.05,0,0,1,0
1774,2.9611,1,0.05,0,0,1,0
1775,0.2485,1,0.05,0,0,1,0
1776,39.9694,6,0.05,0,1,4,1
1777,3.2127,3,0.05,0,1,1,1
1778,29.9984,3,0.05,0,0,3,0
1779,11.6577,4,0.05,1,0,2,1
1780,8.1883,3,0.05,1,0,1,1
1781,8.2054,3,0.05,0,1,2,0
1782,5.9222,3,0.05,0,0,2,1
1783,5.0494,8,0.05,0,7,1,0
1784,0.0827,1,0.05,0,0,1,0
1785,6.1264,1,0.05,0,1,0,0
1786,5.2511,1,0.05,0,1,0,0
1787,1.7501,2,0.05,0,2,0,0
1788,2.5978,2,0.05,0,2,0,0
1789,0.0797,1,0.05,0,1,0,0
1790,7.962,3,0.05,1,1,0,1
1791,2.2503,1,0.05,0,1,0,0
1792,19.5367,12,0.05,7,0,2,3
1793,0.7034,1,0.05,0,0,1,0
1794,0.0946,1,0.05,0,0,1,0
1795,1.7766,1,0.05,0,0,1,0
1796,1.4212,1,0.05,0,0,1,0
1797,4.5629,3,0.05,0,1,2,0
1798,0.5409,3,0.05,0,0,2,1
1799,2.6057,1,0.05,0,0,1,0
1800,6.1911,5,0.05,0,4,1,0
1801,4.7615,1,0.05,0,0,1,0
1802,4.9096,4,0.05,0,3,1,0
1803,1.3027,1,0.05,0,0,1,0
1804,1.182,1,0.05,0,0,1,0
1805,3.0771,1,0.05,0,0,1,0
1806,1.1319,2,0.05,0,1,1,0
1807,8.7629,1,0.05,0,0,1,0
1808,3.0795,1,0.05,0,0,1,0
1809,9.3375,2,0.05,0,1,1,0
1810,2.6461,3,0.05,0,2,1,0
1811,37.3186,9,0.05,5,2,2,0
1812,1.9549,3,0.05,0,3,0,0
1813,4.5009,1,0.05,0,0,1,0
1814,1.4212,1,0.05,0,0,1,0
1815,3.5533,1,0.05,0,0,1,0
1816,9.2869,4,0.05,1,1,1,1
1817,3.5413,5,0.05,2,0,1,2
1818,2.6634,2,0.05,0,0,1,1
1819,10.5262,1,0.05,1,0,0,0
1820,2.6294,1,0.05,1,0,0,0
1821,9.8778,5,0.05,3,0,1,1
1822,4.3428,2,0.05,0,0,1,1
1823,11.7265,1,0.05,0,0,1,0
1824,8.7909,4,0.05,2,0,2,0
1825,12.8811,5,0.05,0,4,0,1
1826,8.0209,4,0.05,0,3,0,1
1827,17.3766,2,0.05,0,2,0,0
1828,2.6229,1,0.05,0,1,0,0
1829,6.1239,1,0.05,0,1,0,0
1830,13.9246,9,0.05,2,3,0,4
1831,3.2506,1,0.05,0,1,0,0
1832,2.0262,3,0.05,0,1,0,2
1833,0.5249,1,0.05,0,1,0,0
1834,4.4575,2,0.05,0,1,0,1
1835,0.3749,1,0.05,0,1,0,0
1836,1.8002,1,0.05,0,1,0,0
1837,16.1092,1,0.05,0,0,1,0
1838,26.2818,11,0.05,7,2,1,1
1839,14.985,3,0.05,0,2,0,1
1840,1.4976,1,0.05,0,1,0,0
1841,10.6616,7,0.05,3,3,0,1
1842,4.801,1,0.05,0,1,0,0
1843,41.008,10,0.05,7,2,0,1
1844,1.4301,1,0.05,0,1,0,0
1845,18.4994,2,0.05,0,2,0,0
1846,1.3275,2,0.05,0,1,0,1
1847,13.2529,2,0.05,0,2,0,0
1848,0.5998,2,0.05,0,1,0,1
1849,0.8125,1,0.05,0,1,0,0
1850,12.3392,3,0.05,1,2,0,0
1851,3.2506,1,0.05,0,1,0,0
1852,3.3344,3,0.05,0,1,0,2
1853,18.4091,4,0.05,1,2,0,1
1854,1.6053,2,0.05,0,1,0,1
1855,3.2506,1,0.05,0,1,0,0
1856,17.0924,6,0.05,3,2,0,1
1857,0.065,2,0.05,0,2,0,0
1858,0.5999,1,0.05,0,1,0,0
1859,10.5397,2,0.05,0,1,0,1
1860,3.7507,1,0.05,0,1,0,0
1861,0.7811,3,0.05,0,2,0,1
1862,0.7999,1,0.05,0,1,0,0
1863,3.4679,2,0.05,0,2,0,0
1864,4.4984,1,0.05,0,1,0,0
1865,19.227,4,0.05,1,1,2,0
1866,3.9718,2,0.05,0,1,0,1
1867,0.875,1,0.05,0,1,0,0
1868,7.6518,6,0.05,2,4,0,0
1869,10.7905,5,0.05,1,2,0,2
1870,1.5002,1,0.05,0,1,0,0
1871,0.6249,4,0.05,0,1,0,3
1872,0.3498,1,0.05,0,1,0,0
1873,23.2014,3,0.05,0,1,0,2
1874,8.1069,2,0.05,0,1,0,1
1875,0.875,1,0.05,0,1,0,0
1876,11.8168,3,0.05,0,2,0,1
1877,5.6871,8,0.05,0,8,0,0
1878,34.8468,11,0.05,4,6,1,0
1879,9.0548,1,0.05,0,0,0,1
1880,0.3749,1,0.05,0,1,0,0
1881,0.9975,1,0.05,0,1,0,0
1882,5.5012,1,0.05,0,1,0,0
1883,2.8569,3,0.05,0,1,1,1
1884,8.0019,1,0.05,0,1,0,0
1885,3.3754,2,0.05,0,2,0,0
1886,0.925,1,0.05,0,1,0,0
1887,4.5009,1,0.05,0,1,0,0
1888,0.6249,1,0.05,0,1,0,0
1889,1.7477,1,0.05,0,1,0,0
1890,153.073,60,0.05,32,20,5,3
1891,6.0945,3,0.05,1,2,0,0
1892,53.4711,18,0.05,5,9,2,2
1893,6.8885,3,0.05,0,3,0,0
1894,1.1976,1,0.05,0,1,0,0
1895,2.1501,2,0.05,0,1,0,1
1896,9.2497,1,0.05,0,1,0,0
1897,0.1498,1,0.05,0,1,0,0
1898,51.1342,43,0.05,7,14,16,6
1899,18.7719,7,0.05,0,2,5,0
1900,17.5257,2,0.05,0,0,2,0
1901,2.3688,1,0.05,0,0,1,0
1902,0.3998,1,0.05,0,1,0,0
1903,6.7378,7,0.05,4,1,2,0
1904,3.0795,1,0.05,0,0,1,0
1905,8.3487,4,0.05,0,1,2,1
1906,11.8314,3,0.05,0,1,1,1
1907,4.1322,2,0.05,0,0,1,1
1908,2.0135,1,0.05,0,0,1,0
1909,0.1656,1,0.05,0,0,1,0
1910,17.9744,11,0.05,7,2,1,1
1911,7.1063,4,0.05,1,0,2,1
1912,25.2368,6,0.05,0,1,4,1
1913,7.6069,2,0.05,0,0,1,1
1914,2.6709,4,0.05,0,0,1,3
1915,0.6499,1,0.05,0,1,0,0
1916,2.7505,1,0.05,0,1,0,0
1917,16.825,7,0.05,1,6,0,0
1918,14.236,1,0.05,0,1,0,0
1919,0.2674,1,0.05,0,1,0,0
1920,15.4915,6,0.05,0,4,1,1
1921,1.2151,1,0.05,0,1,0,0
1922,0.5063,2,0.05,0,1,0,1
1923,2.1253,1,0.05,0,1,0,0
1924,14.4916,5,0.05,3,2,0,0
1925,0.0797,1,0.05,0,1,0,0
1926,0.7873,2,0.05,0,1,0,1
1927,1.9002,1,0.05,0,1,0,0
1928,3.4544,2,0.05,0,1,0,1
1929,0.0297,1,0.05,0,1,0,0
1930,1.6752,1,0.05,0,1,0,0
1931,10.5943,2,0.05,0,1,0,1
1932,2.2003,1,0.05,0,1,0,0
1933,0.4498,1,0.05,0,1,0,0
1934,30.5259,13,0.05,9,2,0,2
1935,5.297,2,0.05,0,1,0,1
1936,4.2936,4,0.05,0,1,1,2
1937,2.8425,2,0.05,0,0,2,0
1938,0.3498,1,0.05,0,1,0,0
1939,12.7257,21,0.05,10,3,7,1
1940,2.2503,1,0.05,0,1,0,0
1941,3.8063,3,0.05,0,2,0,1
1942,0.725,1,0.05,0,1,0,0
1943,2.6954,3,0.05,0,1,0,2
1944,17.804,9,0.05,7,1,1,0
1945,8.752,1,0.05,0,1,0,0
1946,0.7635,3,0.05,0,1,0,2
1947,15.0703,6,0.05,0,1,3,2
1948,3.3164,1,0.05,0,0,1,0
1949,31.261,11,0.05,4,0,6,1
1950,18.1307,6,0.05,1,1,4,0
1951,5.922,2,0.05,0,0,2,0
1952,4.9805,4,0.05,2,1,1,0
1953,16.277,4,0.05,0,1,3,0
1954,8.7321,2,0.05,1,1,0,0
1955,55.9335,13,0.05,1,4,8,0
1956,2.7505,1,0.05,0,1,0,0
1957,0.6394,1,0.05,0,0,1,0
1958,33.4035,9,0.05,6,0,2,1
1959,33.5608,9,0.05,0,6,3,0
1960,8.4312,4,0.05,0,2,2,0
1961,18.5514,9,0.05,3,2,3,1
1962,3.5007,1,0.05,0,1,0,0
1963,4.1586,2,0.05,0,0,1,1
1964,6.6309,7,0.05,0,3,2,2
1965,5.1611,3,0.05,0,1,1,1
1966,1.9658,2,0.05,0,0,2,0
1967,11.5025,7,0.05,0,0,7,0
1968,1.6581,1,0.05,0,0,1,0
1969,3.0795,1,0.05,0,0,1,0
1970,1.6581,1,0.05,0,0,1,0
1971,1.6533,1,0.05,0,0,1,0
1972,4.5009,1,0.05,0,0,1,0
1973,1.6581,1,0.05,0,0,1,0
1974,9.8443,2,0.05,0,0,1,1
1975,16.1092,1,0.05,0,0,1,0
1976,0.1775,1,0.05,0,0,1,0
1977,24.4771,4,0.05,0,0,3,1
1978,0.1498,1,0.05,0,1,0,0
1979,3.9059,4,0.05,0,2,2,0
1980,0.0498,1,0.05,0,1,0,0
1981,7.3978,3,0.05,0,1,0,2
1982,16.6783,4,0.05,0,4,0,0
1983,0.3788,1,0.05,0,0,1,0
1984,9.4735,1,0.05,0,0,1,0
1985,0.2604,1,0.05,0,0,1,0
1986,9.8437,4,0.05,0,0,2,2
1987,2.1319,1,0.05,0,0,1,0
1988,4.6324,2,0.05,0,0,0,2
1989,3.7215,3,0.05,0,0,1,2
1990,25.315,3,0.05,0,0,2,1
1991,10.5284,3,0.05,0,1,1,1
1992,0.4499,1,0.05,0,0,1,0
1993,656.9671,401,0.05,104,174,31,92
1994,49.0365,9,0.05,7,1,1,0
1995,5.7012,1,0.05,0,1,0,0
1996,4.9986,1,0.05,0,1,0,0
1997,0.9498,2,0.05,0,2,0,0
1998,0.6391,4,0.05,0,4,0,0
1999,82.9744,9,0.05,2,5,1,1
2000,3.4518,2,0.05,0,1,0,1
2001,4.0287,17,0.05,0,2,8,7
2002,7.2541,3,0.05,1,1,1,0
2003,1.342,2,0.05,0,1,1,0
2004,2.3092,3,0.05,0,0,3,0
2005,2.0135,1,0.05,0,0,1,0
2006,0.2604,1,0.05,0,0,1,0
2007,1.8529,1,0.05,0,0,0,1
2008,4.1456,1,0.05,0,0,1,0
2009,0.4642,2,0.05,0,1,1,0
2010,9.7858,3,0.05,0,1,2,0
2011,0.3749,1,0.05,0,1,0,0
2012,3.4949,3,0.05,0,1,1,1
2013,1.4976,1,0.05,0,1,0,0
2014,56.9898,8,0.05,5,2,0,1
2015,2.1458,4,0.05,0,2,2,0
2016,10.8079,5,0.05,0,1,3,1
2017,17.5305,2,0.05,0,0,2,0
2018,10.6809,2,0.05,0,1,1,0
2019,24.5473,3,0.05,0,0,3,0
2020,0.945,1,0.05,0,0,1,0
2021,23.9529,3,0.05,0,2,1,0
2022,5.626,2,0.05,0,2,0,0
2023,0.1999,1,0.05,0,1,0,0
2024,1.4976,1,0.05,0,1,0,0
2025,6.5015,1,0.05,0,1,0,0
2026,1.4199,4,0.05,0,2,1,1
2027,18.0126,2,0.05,0,1,1,0
2028,1.7001,1,0.05,0,1,0,0
2029,0.4498,1,0.05,0,1,0,0
2030,0.7874,1,0.05,0,1,0,0
2031,1.5737,2,0.05,0,1,0,1
2032,48.5803,14,0.05,10,2,2,0
2033,3.6507,1,0.05,0,1,0,0
2034,8.4209,1,0.05,0,0,0,1
2035,1.125,1,0.05,0,1,0,0
2036,2.1042,2,0.05,0,1,1,0
2037,0.925,1,0.05,0,1,0,0
2038,43.7526,14,0.05,6,4,4,0
2039,4.1558,3,0.05,0,1,2,0
2040,4.2925,3,0.05,0,1,2,0
2041,4.702,2,0.05,0,0,2,0
2042,44.1887,7,0.05,5,0,2,0
2043,64.6736,16,0.05,12,0,3,1
2044,2.998,1,0.05,0,1,0,0
2045,1.875,2,0.05,0,2,0,0
2046,422.3802,411,0.05,78,239,88,6
2047,66.5027,6,0.05,1,1,4,0
2048,7.6513,3,0.05,0,0,3,0
2049,15.9356,3,0.05,0,0,2,1
2050,0.5065,2,0.05,0,0,2,0
2051,28.5068,3,0.05,1,1,1,0
2052,5.3338,2,0.05,0,1,1,0
2053,0.9998,2,0.05,0,2,0,0
2054,9.0521,1,0.05,0,1,0,0
2055,0.4692,3,0.05,0,1,0,2
2056,19.1295,2,0.05,1,1,0,0
2057,0.3788,1,0.05,0,0,1,0
2058,18.2806,5,0.05,2,3,0,0
2059,1.4002,1,0.05,0,1,0,0
2060,11.1068,6,0.05,5,0,0,1
2061,0.3319,2,0.05,0,1,1,0
2062,20.1121,13,0.05,8,3,1,1
2063,35.5809,22,0.05,8,2,4,8
2064,0.9946,2,0.05,0,0,2,0
2065,0.3975,2,0.05,0,0,2,0
2066,1.5632,2,0.05,0,0,2,0
2067,8.6518,4,0.05,2,0,2,0
2068,0.5921,1,0.05,0,0,1,0
2069,2.5586,3,0.05,0,2,1,0
2070,0.3788,1,0.05,0,0,1,0
2071,5.4485,1,0.05,0,0,1,0
2072,9.5336,3,0.05,0,1,2,0
2073,2.0845,1,0.05,0,0,1,0
2074,13.3137,1,0.05,0,0,1,0
2075,0.1254,1,0.05,0,0,1,0
2076,0.2367,1,0.05,0,0,1,0
2077,3.7488,2,0.05,1,1,0,0
2078,4.264,1,0.05,0,0,1,0
2079,3.0795,1,0.05,0,0,1,0
2080,0.1419,1,0.05,0,0,1,0
2081,9.2171,4,0.05,1,1,2,0
2082,1.125,1,0.05,0,1,0,0
2083,13.5811,11,0.05,2,4,5,0
2084,16.2081,2,0.05,0,1,1,0
2085,7.5807,1,0.05,0,0,1,0
2086,5.5297,7,0.05,4,2,1,0
2087,19.6695,6,0.05,4,1,1,0
2088,2.5004,1,0.05,0,1,0,0
2089,0.155,1,0.05,1,0,0,0
2090,7.2385,1,0.05,1,0,0,0
2091,30.314,7,0.05,3,1,0,3
2092,1.7766,1,0.05,0,0,1,0
2093,0.5683,1,0.05,0,0,1,0
2094,2.9388,7,0.05,4,0,3,0
2095,10.1867,1,0.05,0,0,1,0
2096,3.1785,8,0.05,1,1,6,0
2097,9.9945,5,0.05,2,0,3,0
2098,2.741,4,0.05,2,1,1,0
2099,2.5462,2,0.05,0,1,1,0
2100,0.5788,1,0.05,1,0,0,0
2101,8.9492,2,0.05,2,0,0,0
2102,2.3688,1,0.05,1,0,0,0
2103,13.7844,3,0.05,2,1,0,0
2104,1.5368,2,0.05,1,0,0,1
2105,0.4472,1,0.05,1,0,0,0
2106,0.2874,1,0.05,0,1,0,0
2107,3.0005,1,0.05,0,1,0,0
2108,7.6321,7,0.05,4,2,0,1
2109,21.2683,2,0.05,0,0,1,1
2110,7.5807,1,0.05,0,0,1,0
2111,5.6106,6,0.05,0,0,5,1
2112,18.3586,6,0.05,0,1,5,0
2113,0.5041,2,0.05,0,0,2,0
2114,0.2533,1,0.05,0,0,1,0
2115,37.1914,5,0.05,0,3,2,0
2116,1.4449,1,0.05,0,0,1,0
2117,1.5752,1,0.05,0,1,0,0
2118,6.1079,4,0.05,0,2,2,0
2119,6.4722,3,0.05,0,2,1,0
2120,48.6961,3,0.05,1,0,2,0
2121,1.2088,3,0.05,0,1,2,0
2122,1.8121,4,0.05,0,2,2,0
2123,0.8589,6,0.05,1,1,4,0
2124,3.6717,1,0.05,0,0,1,0
2125,2.0448,3,0.05,0,3,0,0
2126,11.9748,3,0.05,0,1,1,1
2127,11.3558,12,0.05,6,5,0,1
2128,3.3268,2,0.05,0,1,0,1
2129,10.1595,4,0.05,2,2,0,0
2130,2.5004,1,0.05,0,1,0,0
2131,0.7425,1,0.05,0,1,0,0
2132,9.2497,1,0.05,0,1,0,0
2133,29.5838,13,0.05,0,0,13,0
2134,0.1182,1,0.05,0,0,1,0
2135,73.1717,37,0.05,3,12,17,5
2136,19.1082,9,0.05,4,2,1,2
2137,0.1537,1,0.05,0,0,1,0
2138,17.04,5,0.05,0,1,4,0
2139,10.2628,4,0.05,2,1,0,1
2140,0.1273,1,0.05,0,1,0,0
2141,6.9202,10,0.05,6,4,0,0
2142,3.7507,1,0.05,0,1,0,0
2143,0.4624,1,0.05,0,1,0,0
2144,1.5002,1,0.05,0,1,0,0
2145,7.5017,1,0.05,0,1,0,0
2146,59.8667,7,0.05,6,1,0,0
2147,1.6105,2,0.05,1,0,0,1
2148,7.0427,5,0.05,4,0,0,1
2149,67.5328,35,0.05,9,5,5,16
2150,11.5576,4,0.05,1,1,2,0
2151,0.5374,1,0.05,0,1,0,0
2152,4.2166,1,0.05,0,0,1,0
2153,15.5286,5,0.05,0,2,2,1
2154,4.5259,1,0.05,0,1,0,0
2155,9.252,2,0.05,0,2,0,0
2156,10.6322,8,0.05,3,2,1,2
2157,5.3283,2,0.05,0,0,1,1
2158,136.5847,15,0.05,12,0,3,0
2159,31.569,18,0.05,13,2,3,0
2160,2.5004,1,0.05,0,1,0,0
2161,2.8792,2,0.05,0,1,1,0
2162,0.3498,1,0.05,0,1,0,0
2163,0.4473,1,0.05,0,1,0,0
2164,15.5038,1,0.05,0,1,0,0
2165,14.0032,2,0.05,0,2,0,0
2166,1.5974,2,0.05,0,2,0,0
2167,30.4725,2,0.05,0,2,0,0
2168,0.4498,1,0.05,0,1,0,0
2169,9.9998,1,0.05,0,1,0,0
2170,5.6586,3,0.05,2,1,0,0
2171,1.2895,1,0.05,1,0,0,0
2172,34.0171,12,0.05,11,1,0,0
2173,14.3648,12,0.05,0,1,9,2
2174,0.3788,1,0.05,0,0,1,0
2175,11.0983,4,0.05,0,0,2,2
2176,15.6818,5,0.05,3,0,1,1
2177,9.9998,1,0.05,0,1,0,0
2178,0.5612,3,0.05,1,1,0,1
2179,5.626,2,0.05,0,2,0,0
2180,11.2878,2,0.05,0,1,0,1
2181,6.159,2,0.05,1,0,0,1
2182,2.837,2,0.05,2,0,0,0
2183,22.7802,2,0.05,1,0,0,1
2184,8.4204,1,0.05,1,0,0,0
2185,8.6835,1,0.05,1,0,0,0
2186,27.769,5,0.05,5,0,0,0
2187,13.8707,5,0.05,1,3,1,0
2188,12.8071,6,0.05,4,0,2,0
2189,2.0845,1,0.05,0,0,1,0
2190,46.7353,5,0.05,3,0,2,0
2191,1.1843,1,0.05,0,0,1,0
2192,0.5683,1,0.05,0,0,1,0
2193,8.1926,8,0.05,1,0,4,3
2194,8.3673,3,0.05,0,0,2,1
2195,1.0658,1,0.05,0,0,1,0
2196,2.8056,4,0.05,1,0,1,2
2197,0.0105,2,0.05,0,0,1,1
2198,0.3314,1,0.05,0,0,1,0
2199,2.1295,1,0.05,0,0,1,0
2200,9.4735,1,0.05,0,0,1,0
2201,11.4026,8,0.05,3,2,3,0
2202,5.4485,1,0.05,0,0,1,0
2203,13.3628,5,0.05,0,1,4,0
2204,20.0676,4,0.05,2,1,1,0
2205,2.148,3,0.05,0,1,2,0
2206,0.0708,1,0.05,0,0,1,0
2207,2.7751,3,0.05,0,2,1,0
2208,3.7263,3,0.05,0,1,2,0
2209,14.9826,1,0.05,1,0,0,0
2210,9.4757,2,0.05,0,0,2,0
2211,13.108,3,0.05,1,0,2,0
2212,0.1182,1,0.05,0,0,1,0
2213,8.5939,2,0.05,0,0,1,1
2214,9.0021,1,0.05,0,0,1,0
2215,16.1092,1,0.05,0,0,1,0
2216,45.0365,6,0.05,4,0,1,1
2217,13.7395,4,0.05,1,0,2,1
2218,4.9031,3,0.05,1,0,1,1
2219,0.2604,1,0.05,0,0,1,0
2220,3.7903,1,0.05,0,0,1,0
2221,6.2115,3,0.05,1,1,1,0
2222,23.3322,10,0.05,5,3,2,0
2223,0.149,1,0.05,0,0,1,0
2224,13.3054,3,0.05,0,0,2,1
2225,8.1569,6,0.05,0,1,3,2
2226,13.5636,2,0.05,0,1,1,0
2227,33.6681,7,0.05,1,3,2,1
2228,0.4023,2,0.05,0,0,1,1
2229,4.3759,1,0.05,0,1,0,0
2230,2.2213,2,0.05,0,1,0,1
2231,4.3755,3,0.05,0,3,0,0
2232,16.8369,6,0.05,0,2,1,3
2233,19.3305,7,0.05,0,5,0,2
2234,1.2275,3,0.05,0,2,0,1
2235,1.2501,1,0.05,0,1,0,0
2236,20.5679,3,0.05,1,1,1,0
2237,5.0321,4,0.05,0,1,2,1
2238,6.4019,5,0.05,0,4,0,1
2239,4.0008,1,0.05,0,1,0,0
2240,1.4565,2,0.05,0,1,1,0
2241,3.6105,4,0.05,0,3,1,0
2242,5.454,5,0.05,0,2,3,0
2243,0.4998,1,0.05,0,1,0,0
2244,2.1754,1,0.05,0,1,0,0
2245,28.2359,3,0.05,1,2,0,0
2246,1.1748,2,0.05,0,2,0,0
2247,0.925,1,0.05,0,1,0,0
2248,4.1372,2,0.05,0,1,1,0
2249,0.3686,2,0.05,0,1,0,1
2250,2.723,1,0.05,0,1,0,0
2251,2.1203,1,0.05,0,1,0,0
2252,9.7827,8,0.05,5,1,1,1
2253,1.225,1,0.05,0,1,0,0
2254,13.2085,3,0.05,1,2,0,0
2255,25.4951,9,0.05,6,2,0,1
2256,0.7425,1,0.05,0,1,0,0
2257,20.2496,3,0.05,0,3,0,0
2258,0.1498,1,0.05,0,1,0,0
2259,26.7535,4,0.05,0,4,0,0
2260,0.3248,1,0.05,0,1,0,0
2261,0.2748,1,0.05,0,1,0,0
2262,0.875,1,0.05,0,1,0,0
2263,18.9374,6,0.05,4,2,0,0
2264,10.1629,6,0.05,1,3,0,2
2265,0.2748,1,0.05,0,1,0,0
2266,4.5259,1,0.05,0,1,0,0
2267,0.5875,1,0.05,0,1,0,0
2268,7.9994,1,0.05,0,1,0,0
2269,2.8755,1,0.05,0,1,0,0
2270,7.8518,1,0.05,0,1,0,0
2271,64.1579,12,0.05,10,1,0,1
2272,7.9345,4,0.05,1,2,0,1
2273,0.5483,3,0.05,0,1,0,2
2274,3.4293,2,0.05,0,1,1,0
2275,0.4749,1,0.05,0,1,0,0
2276,4.2509,1,0.05,0,1,0,0
2277,0.4749,1,0.05,0,1,0,0
2278,4.1454,2,0.05,0,1,0,1
2279,0.5189,2,0.05,0,1,1,0
2280,0.6077,6,0.05,2,1,0,3
2281,2.3537,3,0.05,0,1,0,2
2282,0.2681,2,0.05,0,0,1,1
2283,0.173,4,0.05,0,0,1,3
2284,0.8764,1,0.05,0,0,1,0
2285,14.7179,8,0.05,3,2,3,0
2286,1.4322,6,0.05,1,1,4,0
2287,1.4999,2,0.05,0,2,0,0
2288,16.017,9,0.05,3,2,0,4
2289,0.1248,1,0.05,0,1,0,0
2290,4.5009,1,0.05,0,1,0,0
2291,0.9708,2,0.05,0,1,0,1
2292,0.0622,1,0.05,0,1,0,0
2293,0.1248,1,0.05,0,1,0,0
2294,6.8514,2,0.05,0,2,0,0
2295,0.6974,1,0.05,0,1,0,0
2296,6.4321,5,0.05,1,4,0,0
2297,1.8225,2,0.05,0,2,0,0
2298,35.0285,15,0.05,9,4,0,2
2299,0.6225,1,0.05,0,1,0,0
2300,4.4509,1,0.05,0,1,0,0
2301,0.7416,2,0.05,0,1,1,0
2302,2.9631,7,0.05,0,2,3,2
2303,17.0695,3,0.05,1,1,1,0
2304,0.5278,2,0.05,0,0,2,0
2305,1.1843,1,0.05,0,0,1,0
2306,0.4735,1,0.05,0,0,1,0
2307,0.0353,1,0.05,0,0,1,0
2308,12.6733,4,0.05,1,0,3,0
2309,19.8974,10,0.05,9,0,1,0
2310,5.1578,9,0.05,0,3,5,1
2311,0.0234,1,0.05,0,0,1,0
2312,1.0658,1,0.05,0,0,1,0
2313,9.718,7,0.05,2,2,2,1
2314,7.5017,1,0.05,0,1,0,0
2315,0.3498,1,0.05,0,1,0,0
2316,16.5046,4,0.05,1,3,0,0
2317,2.4379,1,0.05,0,1,0,0
2318,3.3423,3,0.05,0,2,0,1
2319,24.5567,4,0.05,2,2,0,0
2320,1.4976,1,0.05,0,1,0,0
2321,21.8537,8,0.05,6,2,0,0
2322,31.158,6,0.05,0,3,3,0
2323,19.9515,4,0.05,2,2,0,0
2324,0.1248,1,0.05,0,1,0,0
2325,4.632,2,0.05,0,1,1,0
2326,6.751,3,0.05,0,3,0,0
2327,3.1269,1,0.05,0,0,1,0
2328,0.4973,1,0.05,0,0,1,0
2329,1.5396,1,0.05,0,0,1,0
2330,1.4923,1,0.05,0,0,1,0
2331,59.7051,14,0.05,3,1,6,4
2332,28.8127,6,0.05,1,4,1,0
2333,5.3761,1,0.05,0,1,0,0
2334,2.3927,7,0.05,3,2,2,0
2335,0.172,2,0.05,0,1,0,1
2336,0.6499,1,0.05,0,1,0,0
2337,14.3033,2,0.05,1,1,0,0
2338,2.9766,2,0.05,0,1,0,1
2339,1.2998,2,0.05,0,2,0,0
2340,18.5232,5,0.05,2,3,0,0
2341,0.6097,22,0.05,1,1,14,6
2342,3.3949,4,0.05,0,1,3,0
2343,1.6685,4,0.05,0,2,2,0
2344,14.1404,2,0.05,0,0,2,0
2345,0.7601,3,0.05,0,2,1,0
2346,1.4212,1,0.05,0,0,1,0
2347,8.6103,15,0.05,9,5,1,0
2348,19.8119,4,0.05,1,0,2,1
2349,18.0045,1,0.05,0,0,1,0
2350,3.2928,2,0.05,0,2,0,0
2351,44.1878,6,0.05,3,1,2,0
2352,0.5683,1,0.05,0,0,1,0
2353,3.0795,1,0.05,0,0,1,0
2354,8.3359,2,0.05,0,1,1,0
2355,10.0892,2,0.05,0,0,2,0
2356,10.5678,3,0.05,0,0,3,0
2357,7.5566,3,0.05,0,0,3,0
2358,85.2523,27,0.05,8,9,2,8
2359,0.0353,2,0.05,0,0,2,0
2360,0.3999,1,0.05,0,0,0,1
2361,0.0448,1,0.05,0,0,1,0
2362,19.9997,2,0.05,1,0,1,0
2363,6.0008,3,0.05,1,1,1,0
2364,12.4996,4,0.05,3,0,1,0
2365,3.4453,2,0.05,0,1,1,0
2366,1.4212,1,0.05,0,0,1,0
2367,3.0795,1,0.05,0,0,1,0
2368,1.4212,1,0.05,0,0,1,0
2369,17.5485,22,0.05,9,9,2,2
2370,4.3822,2,0.05,0,1,1,0
2371,12.7022,4,0.05,0,4,0,0
2372,2.1203,1,0.05,0,1,0,0
2373,3.9481,2,0.05,0,2,0,0
2374,18.1926,12,0.05,7,3,0,2
2375,6.3256,6,0.05,3,2,1,0
2376,0.3314,1,0.05,0,0,1,0
2377,4.726,2,0.05,0,1,1,0
2378,1.8423,1,0.05,1,0,0,0
2379,5.4485,1,0.05,0,0,1,0
2380,0.1419,1,0.05,0,0,1,0
2381,15.636,9,0.05,5,2,2,0
2382,3.6258,1,0.05,0,1,0,0
2383,45.0891,6,0.05,4,2,0,0
2384,0.2573,1,0.05,0,1,0,0
2385,0.2248,1,0.05,0,1,0,0
2386,4.4482,2,0.05,0,2,0,0
2387,1.225,1,0.05,0,1,0,0
2388,2.8003,2,0.05,0,2,0,0
2389,17.7472,3,0.05,1,2,0,0
2390,0.6497,2,0.05,0,2,0,0
2391,0.6372,2,0.05,0,1,0,1
2392,0.5749,1,0.05,0,1,0,0
2393,2.1426,2,0.05,0,2,0,0
2394,8.5145,4,0.05,0,1,3,0
2395,37.4248,8,0.05,4,2,0,2
2396,2.8755,1,0.05,0,1,0,0
2397,2.8755,1,0.05,0,1,0,0
2398,2.7631,3,0.05,1,1,0,1
2399,3.2506,1,0.05,0,1,0,0
2400,0.295,2,0.05,0,1,0,1
2401,1.0591,3,0.05,0,0,1,2
2402,3.0795,1,0.05,0,0,1,0
2403,4.264,1,0.05,0,0,1,0
2404,12.076,4,0.05,2,0,1,1
2405,1.7766,1,0.05,0,0,1,0
2406,11.3923,2,0.05,1,0,1,0
2407,0.2233,2,0.05,0,0,1,1
2408,0.2367,1,0.05,0,0,1,0
2409,3.0004,2,0.05,1,0,1,0
2410,0.5761,2,0.05,0,0,1,1
2411,1.7092,2,0.05,0,1,1,0
2412,2.9477,2,0.05,2,0,0,0
2413,31.3225,5,0.05,5,0,0,0
2414,1.974,1,0.05,1,0,0,0
2415,10.0024,1,0.05,1,0,0,0
2416,0.2604,1,0.05,0,0,1,0
2417,0.7578,1,0.05,0,0,1,0
2418,0.2604,1,0.05,0,0,1,0
2419,0.2193,2,0.05,0,0,1,1
2420,1.895,1,0.05,0,0,1,0
2421,35.2805,10,0.05,6,1,2,1
2422,7.1069,1,0.05,0,0,1,0
2423,9.4936,5,0.05,3,0,1,1
2424,4.9053,3,0.05,0,2,0,1
2425,10.8319,5,0.05,3,1,0,1
2426,0.8374,1,0.05,0,1,0,0
2427,5.7512,1,0.05,0,1,0,0
2428,17.9867,2,0.05,0,2,0,0
2429,2.8755,1,0.05,0,1,0,0
2430,3.2506,1,0.05,0,1,0,0
2431,1.6677,1,0.05,0,1,0,0
2432,0.5999,1,0.05,0,1,0,0
2433,22.5889,5,0.05,2,3,0,0
2434,12.423,1,0.05,0,0,1,0
2435,46.8301,12,0.05,6,1,3,2
2436,709.7065,511,0.05,71,223,149,68
2437,9.7365,1,0.05,1,0,0,0
2438,27.0281,11,0.05,2,2,6,1
2439,9.5253,4,0.05,0,1,3,0
2440,1.5249,2,0.05,0,2,0,0
2441,12.8563,4,0.05,0,3,1,0
2442,20.7097,4,0.05,0,3,1,0
2443,1.5002,1,0.05,0,1,0,0
2444,17.0042,1,0.05,0,1,0,0
2445,45.8833,4,0.05,1,3,0,0
2446,8.2464,3,0.05,1,1,1,0
2447,0.1498,1,0.05,0,1,0,0
2448,0.4749,1,0.05,0,1,0,0
2449,8.0019,1,0.05,0,1,0,0
2450,6.4262,2,0.05,0,2,0,0
2451,33.9002,16,0.05,10,4,1,1
2452,2.4052,3,0.05,0,1,0,2
2453,12.2739,2,0.05,0,1,0,1
2454,24.8313,5,0.05,1,2,2,0
2455,9.4735,1,0.05,0,0,1,0
2456,1.4188,1,0.05,0,0,1,0
2457,44.4945,15,0.05,12,0,3,0
2458,23.6221,13,0.05,8,3,0,2
2459,14.2079,3,0.05,0,3,0,0
2460,0.807,4,0.05,0,2,0,2
2461,1.5002,1,0.05,0,1,0,0
2462,0.0748,1,0.05,0,1,0,0
2463,0.3374,1,0.05,0,1,0,0
2464,4.3759,1,0.05,0,1,0,0
2465,0.3709,2,0.05,0,1,0,1
2466,9.2497,1,0.05,0,1,0,0
2467,2.7373,1,0.05,0,0,0,1
2468,4.5756,2,0.05,0,2,0,0
2469,6.4511,2,0.05,0,2,0,0
2470,0.6124,1,0.05,0,1,0,0
2471,2.5004,1,0.05,0,1,0,0
2472,4.4825,11,0.05,4,4,3,0
2473,7.7515,2,0.05,0,2,0,0
2474,19.4059,6,0.05,4,2,0,0
2475,149.705,46,0.05,16,11,10,9
2476,1.5002,1,0.05,0,1,0,0
2477,27.7975,10,0.05,0,4,6,0
2478,1.6999,2,0.05,0,2,0,0
2479,10.2269,3,0.05,0,3,0,0
2480,1.3751,1,0.05,0,1,0,0
2481,20.2147,5,0.05,3,2,0,0
2482,3.7507,1,0.05,0,1,0,0
2483,16.5564,2,0.05,0,1,1,0
2484,0.7874,1,0.05,0,1,0,0
2485,0.1999,1,0.05,0,1,0,0
2486,1.6146,4,0.05,0,4,0,0
2487,4.726,1,0.05,0,1,0,0
2488,18.4217,6,0.05,4,2,0,0
2489,3.2896,3,0.05,1,1,1,0
2490,4.5009,1,0.05,0,1,0,0
2491,2.1404,1,0.05,0,1,0,0
2492,5.1269,4,0.05,0,2,2,0
2493,0.4973,1,0.05,0,0,1,0
2494,1.895,1,0.05,0,0,1,0
2495,0.989,3,0.05,0,0,1,2
2496,1.0634,1,0.05,0,0,1,0
2497,9.8886,3,0.05,1,2,0,0
2498,0.9759,4,0.05,0,1,2,1
2499,0.1023,1,0.05,0,1,0,0
2500,4.5009,1,0.05,0,1,0,0
2501,14.7606,7,0.05,3,2,2,0
2502,30.7029,9,0.05,5,1,3,0
2503,0.9,1,0.05,0,1,0,0
2504,5.8763,1,0.05,0,1,0,0
2505,6.5015,1,0.05,0,1,0,0
2506,8.2886,7,0.05,3,3,1,0
2507,19.6103,15,0.05,14,1,0,0
2508,19.4625,12,0.05,12,0,0,0
2509,0.3814,1,0.05,1,0,0,0
2510,4.4217,2,0.05,2,0,0,0
2511,16.4071,10,0.05,10,0,0,0
2512,2.3688,1,0.05,1,0,0,0
2513,7.633,2,0.05,2,0,0,0
2514,16.7668,3,0.05,3,0,0,0
2515,1.2895,1,0.05,1,0,0,0
2516,5.1738,5,0.05,2,0,1,2
2517,0.1051,1,0.05,1,0,0,0
2518,2.5791,2,0.05,2,0,0,0
2519,9.9758,2,0.05,2,0,0,0
2520,12.9818,10,0.05,6,3,0,1
2521,8.0843,5,0.05,2,0,3,0
2522,30.6311,5,0.05,0,3,2,0
2523,2.866,2,0.05,0,1,1,0
2524,6.0171,1,0.05,0,0,1,0
2525,28.3517,2,0.05,0,0,1,1
2526,1.1346,1,0.05,0,0,1,0
2527,1.4212,1,0.05,0,0,1,0
2528,15.5023,7,0.05,3,1,3,0
2529,48.3111,6,0.05,3,1,2,0
2530,0.3228,2,0.05,1,0,0,1
2531,5.1056,4,0.05,4,0,0,0
2532,1.5791,1,0.05,1,0,0,0
2533,4.8168,1,0.05,1,0,0,0
2534,12.1078,2,0.05,2,0,0,0
2535,0.0921,1,0.05,1,0,0,0
2536,3.0527,3,0.05,1,2,0,0
2537,6.4039,2,0.05,1,1,0,0
2538,13.5629,3,0.05,0,0,2,1
2539,14.3078,10,0.05,2,5,3,0
2540,3.4215,2,0.05,0,1,1,0
2541,13.8586,1,0.05,0,0,1,0
2542,2.6105,3,0.05,0,1,0,2
2543,0.4854,1,0.05,0,0,1,0
2544,2.6769,3,0.05,1,1,1,0
2545,10.1614,2,0.05,0,1,1,0
2546,2.5895,3,0.05,1,1,1,0
2547,5.1365,7,0.05,5,1,1,0
2548,0.0524,1,0.05,1,0,0,0
2549,0.3156,1,0.05,1,0,0,0
2550,1.0526,1,0.05,1,0,0,0
2551,4.7378,1,0.05,1,0,0,0
2552,18.4072,1,0.05,1,0,0,0
2553,9.7365,1,0.05,1,0,0,0
2554,21.0523,2,0.05,2,0,0,0
2555,13.7866,5,0.05,5,0,0,0
2556,10.7142,7,0.05,4,2,0,1
2557,0.4735,1,0.05,0,0,1,0
2558,1.1843,1,0.05,0,0,1,0
2559,25.7431,2,0.05,0,0,1,1
2560,4.2927,6,0.05,0,3,2,1
2561,9.1594,4,0.05,3,0,1,0
2562,0.2785,2,0.05,2,0,0,0
2563,33.7818,16,0.05,6,1,3,6
2564,4.4963,6,0.05,3,3,0,0
2565,4.7375,2,0.05,2,0,0,0
2566,1.2632,1,0.05,1,0,0,0
2567,18.9406,4,0.05,4,0,0,0
2568,6.8638,7,0.05,4,1,0,2
2569,0.3946,1,0.05,1,0,0,0
2570,8.423,1,0.05,1,0,0,0
2571,8.4751,3,0.05,3,0,0,0
2572,12.2525,11,0.05,7,1,0,3
2573,0.5921,1,0.05,0,0,1,0
2574,1.8002,1,0.05,0,0,1,0
2575,1.1247,3,0.05,0,1,0,2
2576,29.1245,20,0.05,2,9,8,1
2577,5.1169,1,0.05,0,0,1,0
2578,29.1651,3,0.05,2,0,1,0
2579,17.9363,11,0.05,10,1,0,0
2580,1.4937,7,0.05,1,0,1,5
2581,38.5356,9,0.05,2,5,2,0
2582,7.8152,1,0.05,0,0,1,0
2583,5.5838,3,0.05,0,1,2,0
2584,6.3962,1,0.05,0,0,1,0
2585,19.0705,1,0.05,0,0,1,0
2586,20.3079,7,0.05,1,3,3,0
2587,27.4806,1,0.05,0,0,1,0
2588,21.1592,6,0.05,4,0,2,0
2589,0.1419,1,0.05,0,0,1,0
2590,13.6979,2,0.05,0,1,1,0
2591,4.0818,3,0.05,0,1,1,1
2592,21.083,5,0.05,2,0,3,0
2593,0.3551,1,0.05,0,0,1,0
2594,3.5409,3,0.05,0,0,3,0
2595,8.5146,3,0.05,0,2,1,0
2596,12.7265,2,0.05,1,1,0,0
2597,0.3551,1,0.05,0,0,1,0
2598,0.2759,2,0.05,1,0,1,0
2599,1.6581,1,0.05,0,0,1,0
2600,0.4499,1,0.05,0,0,1,0
2601,4.5247,1,0.05,0,0,1,0
2602,9.4798,4,0.05,0,0,2,2
2603,1.9095,3,0.05,0,1,2,0
2604,3.5533,1,0.05,0,0,1,0
2605,16.0509,5,0.05,0,0,4,1
2606,3.0795,1,0.05,0,0,1,0
2607,2.0132,2,0.05,0,0,1,1
2608,31.0948,10,0.05,0,0,8,2
2609,5.2117,1,0.05,0,0,1,0
2610,5.7402,4,0.05,0,1,2,1
2611,0.8945,2,0.05,0,0,1,1
2612,1.3078,3,0.05,0,0,1,2
2613,1.0658,1,0.05,0,0,1,0
2614,3.7463,2,0.05,0,1,1,0
2615,1.4212,1,0.05,0,0,1,0
2616,0.3551,1,0.05,0,0,1,0
2617,5.1641,2,0.05,0,0,2,0
2618,0.3155,2,0.05,0,0,1,1
2619,2.4636,1,0.05,0,0,1,0
2620,7.8167,5,0.05,2,1,2,0
2621,8.5682,6,0.05,2,2,2,0
2622,2.4344,2,0.05,0,1,1,0
2623,1.3027,1,0.05,0,0,1,0
2624,4.3085,3,0.05,0,0,3,0
2625,11.8424,2,0.05,0,0,2,0
2626,12.2127,4,0.05,3,0,1,0
2627,10.6665,2,0.05,0,1,1,0
2628,20.9979,9,0.05,6,1,2,0
2629,3.4217,1,0.05,1,0,0,0
2630,30.971,7,0.05,6,1,0,0
2631,1.7083,2,0.05,1,1,0,0
2632,2.6318,2,0.05,2,0,0,0
2633,15.3214,4,0.05,1,1,1,1
2634,0.1419,1,0.05,0,0,1,0
2635,0.1066,1,0.05,0,0,1,0
2636,1.2791,1,0.05,0,0,1,0
2637,4.2563,3,0.05,0,0,3,0
2638,3.9406,2,0.05,0,1,1,0
2639,7.6989,2,0.05,0,0,2,0
2640,13.503,2,0.05,0,0,2,0
2641,50.8254,22,0.05,7,13,2,0
2642,16.4538,2,0.05,0,2,0,0
2643,12.0982,7,0.05,2,5,0,0
2644,22.4367,8,0.05,6,1,1,0
2645,1.1843,1,0.05,0,0,1,0
2646,11.3879,3,0.05,0,1,2,0
2647,0.8052,1,0.05,0,0,1,0
2648,1.182,1,0.05,0,0,1,0
2649,8.5279,3,0.05,0,0,3,0
2650,2.1319,1,0.05,0,0,1,0
2651,14.1184,4,0.05,1,0,3,0
2652,93.7521,10,0.05,4,2,4,0
2653,19.0085,3,0.05,0,0,3,0
2654,1.895,1,0.05,0,0,1,0
2655,7.1069,1,0.05,0,0,1,0
2656,40.0093,4,0.05,2,0,2,0
2657,13.6588,9,0.05,4,3,2,0
2658,9.5807,3,0.05,1,2,0,0
2659,3.1584,1,0.05,1,0,0,0
2660,3.053,2,0.05,1,0,1,0
2661,8.1819,2,0.05,1,1,0,0
2662,7.1069,1,0.05,0,0,1,0
2663,3.6717,1,0.05,0,0,1,0
2664,1.3025,2,0.05,0,0,2,0
2665,13.8579,4,0.05,0,0,4,0
2666,0.0708,1,0.05,0,0,1,0
2667,3.1978,2,0.05,0,0,2,0
2668,0.0308,1,0.05,0,0,1,0
2669,6.1326,2,0.05,1,0,1,0
2670,0.7578,1,0.05,0,0,1,0
2671,333.9357,111,0.05,63,5,21,22
2672,1.9606,2,0.05,1,0,1,0
2673,0.1609,1,0.05,0,0,1,0
2674,5.3297,3,0.05,0,0,3,0
2675,10.57,8,0.05,4,2,2,0
2676,0.675,1,0.05,0,1,0,0
2677,12.9221,9,0.05,3,5,0,1
2678,2.2503,1,0.05,0,1,0,0
2679,1.5999,2,0.05,0,2,0,0
2680,40.541,5,0.05,2,3,0,0
2681,4.1258,1,0.05,0,1,0,0
2682,9.2322,15,0.05,6,7,2,0
2683,1.7314,5,0.05,0,1,3,1
2684,2.0661,6,0.05,4,1,1,0
2685,0.4472,1,0.05,1,0,0,0
2686,1.3133,1,0.05,1,0,0,0
2687,1.2895,1,0.05,1,0,0,0
2688,0.1313,1,0.05,1,0,0,0
2689,3.9481,1,0.05,1,0,0,0
2690,2.2372,1,0.05,1,0,0,0
2691,3.0795,1,0.05,0,0,1,0
2692,0.1728,1,0.05,0,0,1,0
2693,0.1419,1,0.05,0,0,1,0
2694,4.9505,3,0.05,0,1,2,0
2695,1.1182,2,0.05,0,1,1,0
2696,18.9669,5,0.05,1,2,2,0
2697,0.3551,1,0.05,0,0,1,0
2698,6.8112,4,0.05,2,1,1,0
2699,4.4652,2,0.05,1,1,0,0
2700,1.7502,1,0.05,0,1,0,0
2701,5.1324,2,0.05,1,1,0,0
2702,44.4769,13,0.05,12,1,0,0
2703,8.0019,1,0.05,0,1,0,0
2704,2.4076,16,0.05,2,8,3,3
2705,8.6467,1,0.05,0,0,1,0
2706,0.1537,1,0.05,0,0,1,0
2707,25.6229,9,0.05,7,0,2,0
2708,2.0845,1,0.05,0,0,1,0
2709,1.4071,3,0.05,0,3,0,0
2710,7.7885,2,0.05,1,1,0,0
2711,9.824,7,0.05,1,2,1,3
2712,1.3751,1,0.05,0,1,0,0
2713,5.1379,3,0.05,0,1,0,2
2714,1.5002,1,0.05,0,1,0,0
2715,2.587,2,0.05,0,1,0,1
2716,15.7662,2,0.05,0,2,0,0
2717,17.4039,6,0.05,2,1,1,2
2718,0.0055,1,0.05,0,1,0,0
2719,5.8758,3,0.05,0,3,0,0
2720,15.4863,1,0.05,0,1,0,0
2721,2.6778,2,0.05,1,1,0,0
2722,27.414,20,0.05,10,8,1,1
2723,0.6999,1,0.05,0,1,0,0
2724,23.5825,12,0.05,4,2,1,5
2725,0.9233,3,0.05,0,2,1,0
2726,1.2826,1,0.05,0,1,0,0
2727,0.0249,2,0.05,0,1,1,0
2728,5.0011,1,0.05,0,1,0,0
2729,10.0023,1,0.05,0,1,0,0
2730,0.2198,1,0.05,0,1,0,0
2731,0.1575,1,0.05,0,1,0,0
2732,5.0011,1,0.05,0,1,0,0
2733,0.7105,1,0.05,1,0,0,0
2734,0.1313,1,0.05,1,0,0,0
2735,8.2988,3,0.05,3,0,0,0
2736,14.0534,1,0.05,0,1,0,0
2737,194.8532,164,0.05,28,68,59,9
2738,2.1055,1,0.05,1,0,0,0
2739,0.9211,1,0.05,1,0,0,0
2740,5.3455,3,0.05,1,1,1,0
2741,8.1836,2,0.05,0,1,1,0
2742,4.1456,1,0.05,0,0,1,0
2743,10.9683,2,0.05,0,0,2,0
2744,0.6631,1,0.05,0,0,1,0
2745,18.3113,5,0.05,0,3,2,0
2746,10.6201,5,0.05,2,1,2,0
2747,23.5848,14,0.05,7,2,0,5
2748,7.5807,1,0.05,0,0,1,0
2749,11.8645,7,0.05,5,0,1,1
2750,3.9481,1,0.05,1,0,0,0
2751,7.5807,1,0.05,0,0,1,0
2752,0.3788,1,0.05,0,0,1,0
2753,0.1392,2,0.05,0,1,1,0
2754,6.4128,3,0.05,0,1,1,1
2755,4.3566,4,0.05,3,0,1,0
2756,0.1577,1,0.05,1,0,0,0
2757,0.6065,4,0.05,2,1,0,1
2758,7.29,5,0.05,3,2,0,0
2759,5.376,2,0.05,1,1,0,0
2760,14.0346,8,0.05,7,1,0,0
2761,2.6294,1,0.05,1,0,0,0
2762,2.2899,1,0.05,1,0,0,0
2763,11.5878,8,0.05,7,0,0,1
2764,4.3667,2,0.05,1,0,1,0
2765,2.9314,4,0.05,1,2,1,0
2766,1.0208,2,0.05,1,0,0,1
2767,0.3419,1,0.05,1,0,0,0
2768,16.3058,4,0.05,2,0,1,1
2769,26.3217,4,0.05,4,0,0,0
2770,10.0018,3,0.05,3,0,0,0
2771,4.4757,2,0.05,0,2,0,0
2772,1.7146,2,0.05,1,1,0,0
2773,3.7931,2,0.05,0,2,0,0
2774,3.1185,3,0.05,0,2,1,0
2775,32.6925,6,0.05,3,3,0,0
2776,1.5002,1,0.05,0,1,0,0
2777,0.5747,2,0.05,0,2,0,0
2778,4.2375,2,0.05,0,1,1,0
2779,1.5752,1,0.05,0,1,0,0
2780,9.2497,1,0.05,0,1,0,0
2781,22.781,11,0.05,4,4,0,3
2782,14.7107,4,0.05,3,0,0,1
2783,8.5233,2,0.05,0,0,2,0
2784,37.017,8,0.05,5,0,3,0
2785,2.6057,1,0.05,0,0,1,0
2786,3.9292,4,0.05,0,0,3,1
2787,10.0024,1,0.05,1,0,0,0
2788,1.9187,1,0.05,0,0,1,0
2789,7.0994,3,0.05,1,0,1,1
2790,2.7002,7,0.05,0,4,3,0
2791,5.5249,1,0.05,1,0,0,0
2792,3.0795,1,0.05,0,0,1,0
2793,0.4735,1,0.05,0,0,1,0
2794,2.6057,1,0.05,0,0,1,0
2795,20.3459,6,0.05,4,0,2,0
2796,8.7629,1,0.05,0,0,1,0
2797,0.6988,3,0.05,1,1,1,0
2798,19.7411,4,0.05,4,0,0,0
2799,2.2319,1,0.05,1,0,0,0
2800,66.1788,7,0.05,7,0,0,0
2801,1.9737,2,0.05,2,0,0,0
2802,4.1304,8,0.05,8,0,0,0
2803,7.8965,1,0.05,1,0,0,0
2804,2.1055,1,0.05,1,0,0,0
2805,27.446,4,0.05,3,0,1,0
2806,45.4258,4,0.05,3,0,1,0
2807,13.5292,8,0.05,2,5,1,0
2808,14.3727,3,0.05,1,1,1,0
2809,10.023,3,0.05,2,0,0,1
2810,38.4511,9,0.05,4,3,2,0
2811,0.1252,2,0.05,0,0,2,0
2812,5.3734,2,0.05,0,1,1,0
2813,11.7265,1,0.05,0,0,1,0
2814,6.6331,1,0.05,0,0,1,0
2815,17.6453,6,0.05,3,1,2,0
2816,0.3077,1,0.05,0,0,1,0
2817,11.1018,8,0.05,0,0,8,0
2818,20.0652,4,0.05,1,2,1,0
2819,36.5668,7,0.05,5,1,1,0
2820,1.6252,1,0.05,0,1,0,0
2821,0.2748,1,0.05,0,1,0,0
2822,0.8576,2,0.05,1,1,0,0
2823,26.3279,5,0.05,3,1,0,1
2824,7.3295,5,0.05,4,1,0,0
2825,0.7721,2,0.05,1,1,0,0
2826,0.1235,1,0.05,1,0,0,0
2827,5.4217,3,0.05,1,2,0,0
2828,0.2343,1,0.05,0,0,1,0
2829,22.804,10,0.05,2,6,2,0
2830,0.7105,1,0.05,0,0,1,0
2831,0.3314,1,0.05,0,0,1,0
2832,3.6312,2,0.05,0,1,1,0
2833,6.5427,5,0.05,0,1,4,0
2834,13.147,6,0.05,1,1,4,0
2835,46.5383,15,0.05,0,3,11,1
2836,9.8769,3,0.05,0,3,0,0
2837,13.2241,8,0.05,0,8,0,0
2838,6.0464,8,0.05,5,2,1,0
2839,2.8953,1,0.05,1,0,0,0
2840,1.1385,5,0.05,4,0,0,1
2841,10.0024,1,0.05,1,0,0,0
2842,4.343,1,0.05,1,0,0,0
2843,1.4734,3,0.05,1,0,2,0
2844,4.3954,2,0.05,0,0,1,1
2845,7.5755,3,0.05,0,0,3,0
2846,5.2815,9,0.05,0,2,7,0
2847,2.0845,1,0.05,0,0,1,0
2848,3.0795,1,0.05,0,0,1,0
2849,16.6273,4,0.05,1,0,3,0
2850,1.7171,2,0.05,0,1,1,0
2851,6.9973,2,0.05,0,1,1,0
2852,0.4025,1,0.05,0,0,1,0
2853,7.5227,5,0.05,3,0,2,0
2854,11.8413,7,0.05,6,1,0,0
2855,0.1235,1,0.05,1,0,0,0
2856,4.2638,2,0.05,2,0,0,0
2857,2.6713,2,0.05,2,0,0,0
2858,4.7378,1,0.05,1,0,0,0
2859,21.4495,3,0.05,3,0,0,0
2860,18.9511,4,0.05,4,0,0,0
2861,3.0451,2,0.05,1,1,0,0
2862,19.473,2,0.05,2,0,0,0
2863,2.2319,1,0.05,1,0,0,0
2864,0.3946,1,0.05,1,0,0,0
2865,3.445,3,0.05,1,2,0,0
2866,0.4973,1,0.05,0,0,1,0
2867,11.6194,3,0.05,0,2,1,0
2868,26.5056,2,0.05,0,0,1,1
2869,1.5167,4,0.05,0,1,1,2
2870,82.3227,24,0.05,18,1,2,3
2871,10.3849,3,0.05,0,1,2,0
2872,8.7629,1,0.05,0,0,1,0
2873,1.4212,1,0.05,0,0,1,0
2874,1.1132,1,0.05,0,0,1,0
2875,1.7477,1,0.05,0,1,0,0
2876,11.5526,3,0.05,1,0,1,1
2877,3.0795,1,0.05,0,0,1,0
2878,1.5853,5,0.05,1,0,2,2
2879,19.66,9,0.05,5,1,2,1
2880,22.5697,7,0.05,3,2,2,0
2881,1.3705,4,0.05,0,3,1,0
2882,0.3498,1,0.05,0,1,0,0
2883,21.4521,3,0.05,3,0,0,0
2884,59.6339,31,0.05,14,4,10,3
2885,15.2277,6,0.05,1,2,3,0
2886,6.8528,42,0.05,2,34,2,4
2887,8.752,1,0.05,0,1,0,0
2888,3.5254,2,0.05,0,2,0,0
2889,14.1606,4,0.05,1,1,1,1
2890,33.3914,20,0.05,0,11,6,3
2891,3.423,2,0.05,0,1,1,0
2892,25.2736,7,0.05,4,1,2,0
2893,13.9839,7,0.05,5,2,0,0
2894,13.6123,2,0.05,1,1,0,0
2895,0.4574,3,0.05,1,2,0,0
2896,26.8772,13,0.05,6,1,0,6
2897,2.3451,1,0.05,0,0,1,0
2898,2.7207,4,0.05,0,0,1,3
2899,6.0539,1,0.05,1,0,0,0
2900,0.8788,2,0.05,0,0,1,1
2901,13.9065,10,0.05,4,0,1,5
2902,3.1751,2,0.05,1,0,0,1
2903,35.9298,29,0.05,9,9,8,3
2904,6.9692,4,0.05,2,0,0,2
2905,9.2452,7,0.05,6,0,1,0
2906,6.4725,1,0.05,1,0,0,0
2907,363.7271,258,0.05,86,45,64,63
2908,4.5243,3,0.05,2,1,0,0
2909,0.3287,1,0.05,1,0,0,0
2910,4.7166,2,0.05,1,1,0,0
2911,4.1774,6,0.05,1,2,2,1
2912,0.3208,2,0.05,0,0,1,1
2913,23.7682,5,0.05,3,0,2,0
2914,10.3944,4,0.05,0,0,4,0
2915,0.0234,1,0.05,0,0,1,0
2916,10.1166,6,0.05,3,0,2,1
2917,0.5447,1,0.05,0,0,1,0
2918,18.0396,8,0.05,5,0,2,1
2919,4.264,1,0.05,0,0,1,0
2920,0.8209,2,0.05,0,0,1,1
2921,7.3074,9,0.05,1,6,1,1
2922,10.5262,1,0.05,1,0,0,0
2923,16.3198,1,0.05,1,0,0,0
2924,8.869,2,0.05,1,1,0,0
2925,6.8436,1,0.05,1,0,0,0
2926,10.3693,7,0.05,7,0,0,0
2927,3.3277,3,0.05,2,1,0,0
2928,0.0392,1,0.05,1,0,0,0
2929,3.9716,2,0.05,1,0,0,1
2930,6.497,4,0.05,3,0,0,1
2931,0.0471,1,0.05,1,0,0,0
2932,4.0268,3,0.05,2,0,0,1
2933,3.9481,1,0.05,1,0,0,0
2934,0.026,1,0.05,1,0,0,0
2935,17.2924,6,0.05,5,0,0,1
2936,0.2496,2,0.05,1,0,0,1
2937,1.4473,2,0.05,1,0,1,0
2938,9.7365,1,0.05,1,0,0,0
2939,4.607,6,0.05,2,2,0,2
2940,9.0106,4,0.05,1,3,0,0
2941,5.7512,1,0.05,0,1,0,0
2942,30.5258,3,0.05,1,2,0,0
2943,2.2503,1,0.05,0,1,0,0
2944,1.5002,1,0.05,0,1,0,0
2945,40.0753,3,0.05,1,2,0,0
2946,0.925,1,0.05,0,1,0,0
2947,15.2001,18,0.05,4,6,8,0
2948,0.283,3,0.05,0,0,2,1
2949,11.6093,7,0.05,2,2,3,0
2950,1.9065,2,0.05,0,0,2,0
2951,7.1698,2,0.05,1,0,0,1
2952,687.1023,502,0.05,204,123,106,69
2953,5.0216,9,0.05,3,1,3,2
2954,10.2524,1,0.05,0,1,0,0
2955,191.1846,107,0.05,47,34,13,13
2956,4.2099,2,0.05,0,1,0,1
2957,1.7054,1,0.05,0,0,1,0
2958,9.4757,2,0.05,0,0,2,0
2959,0.1063,1,0.05,0,0,1,0
2960,10.7499,2,0.05,0,2,0,0
2961,0.1893,1,0.05,0,0,1,0
2962,18.5957,5,0.05,3,0,2,0
2963,4.88,1,0.05,0,0,1,0
2964,28.5401,15,0.05,6,0,5,4
2965,3.2056,2,0.05,0,1,1,0
2966,8.1438,4,0.05,0,0,4,0
2967,1.4212,1,0.05,0,0,1,0
2968,2.0087,1,0.05,0,0,1,0
2969,3.3164,1,0.05,0,0,1,0
2970,0.945,1,0.05,0,0,1,0
2971,6.2394,2,0.05,0,1,1,0
2972,0.8859,2,0.05,0,1,1,0
2973,18.8482,10,0.05,6,3,1,0
2974,17.8987,3,0.05,3,0,0,0
2975,14.4741,3,0.05,3,0,0,0
2976,15.2125,7,0.05,5,0,1,1
2977,2.5003,1,0.05,1,0,0,0
2978,3.3688,2,0.05,1,0,0,1
2979,13.2314,6,0.05,5,0,0,1
2980,0.3314,1,0.05,0,0,1,0
2981,8.5281,2,0.05,0,0,2,0
2982,1.8713,1,0.05,0,0,1,0
2983,3.6338,3,0.05,0,1,1,1
2984,20.0785,3,0.05,2,0,1,0
2985,0.0787,1,0.05,1,0,0,0
2986,4.3636,3,0.05,2,0,0,1
2987,8.9494,1,0.05,1,0,0,0
2988,0.0997,1,0.05,1,0,0,0
2989,25.8448,6,0.05,3,2,0,1
2990,4.7378,1,0.05,1,0,0,0
2991,1.0526,1,0.05,1,0,0,0
2992,0.2366,1,0.05,1,0,0,0
2993,2.0077,3,0.05,2,0,0,1
2994,0.3682,1,0.05,1,0,0,0
2995,6.1856,1,0.05,1,0,0,0
2996,26.6889,8,0.05,6,0,2,0
2997,3.3819,2,0.05,1,0,1,0
2998,10.6105,2,0.05,0,0,2,0
2999,1.4212,1,0.05,0,0,1,0
3000,2.3665,1,0.05,0,0,1,0
3001,1.2652,4,0.05,0,3,1,0
3002,6.751,3,0.05,0,3,0,0
3003,3.2971,5,0.05,0,4,1,0
3004,28.3614,15,0.05,12,2,1,0
3005,22.9273,4,0.05,3,1,0,0
3006,1.2369,1,0.05,1,0,0,0
3007,4.5177,2,0.05,1,1,0,0
3008,7.8708,9,0.05,6,2,0,1
3009,2.6421,3,0.05,1,0,0,2
3010,9.204,4,0.05,3,0,0,1
3011,4.0886,3,0.05,1,1,0,1
3012,567.2401,433,0.05,212,116,94,11
3013,8.6696,4,0.05,3,1,0,0
3014,7.3701,1,0.05,1,0,0,0
3015,18.9514,3,0.05,3,0,0,0
3016,2.3291,2,0.05,1,1,0,0
3017,9.5017,3,0.05,2,1,0,0
3018,10.7365,2,0.05,2,0,0,0
3019,3.9481,1,0.05,1,0,0,0
3020,26.2209,6,0.05,2,2,1,1
3021,30.5911,5,0.05,1,4,0,0
3022,37.6402,5,0.05,3,2,0,0
3023,7.8965,1,0.05,1,0,0,0
3024,6.9363,6,0.05,3,1,0,2
3025,1.8423,1,0.05,1,0,0,0
3026,9.7365,1,0.05,1,0,0,0
3027,4.7378,1,0.05,1,0,0,0
3028,9.4703,2,0.05,2,0,0,0
3029,0.263,1,0.05,1,0,0,0
3030,9.6075,1,0.05,1,0,0,0
3031,2.5986,3,0.05,2,1,0,0
3032,6.4222,2,0.05,0,1,1,0
3033,1.2895,1,0.05,1,0,0,0
3034,0.9211,1,0.05,1,0,0,0
3035,3.0793,2,0.05,1,1,0,0
3036,0.014,2,0.05,0,1,1,0
3037,0.7578,1,0.05,0,0,1,0
3038,0.284,1,0.05,0,0,1,0
3039,15.9417,11,0.05,3,2,6,0
3040,0.6252,1,0.05,0,0,1,0
3041,2.6057,1,0.05,0,0,1,0
3042,2.6057,1,0.05,0,0,1,0
3043,6.5178,3,0.05,0,1,2,0
3044,5.4485,1,0.05,0,0,1,0
3045,10.4234,2,0.05,0,0,2,0
3046,4.4984,2,0.05,0,0,2,0
3047,15.8133,6,0.05,0,4,2,0
3048,11.0323,6,0.05,0,5,1,0
3049,0.3816,1,0.05,0,1,0,0
3050,16.0006,4,0.05,0,4,0,0
3051,11.1274,2,0.05,0,2,0,0
3052,2.2542,7,0.05,3,3,1,0
3053,6.4486,2,0.05,2,0,0,0
3054,9.2022,1,0.05,1,0,0,0
3055,72.6485,7,0.05,6,0,1,0
3056,28.8598,16,0.05,12,0,0,4
3057,8.4753,7,0.05,1,1,1,4
3058,1.4212,1,0.05,0,0,1,0
3059,1.895,1,0.05,0,0,1,0
3060,4.2877,1,0.05,0,0,1,0
3061,0.0224,1,0.05,0,0,1,0
3062,3.7903,1,0.05,0,0,1,0
3063,5.4483,2,0.05,0,0,2,0
3064,4.0174,2,0.05,0,0,2,0
3065,1.048,4,0.05,0,0,1,3
3066,44.4305,9,0.05,6,1,2,0
3067,11.2975,5,0.05,1,3,1,0
3068,0.3171,2,0.05,0,2,0,0
3069,10.8774,2,0.05,0,2,0,0
3070,23.259,7,0.05,2,5,0,0
3071,1.6367,5,0.05,1,4,0,0
3072,3.3161,2,0.05,1,0,0,1
3073,28.8048,10,0.05,9,0,1,0
3074,6.3956,3,0.05,3,0,0,0
3075,0.4735,1,0.05,1,0,0,0
3076,3.2652,3,0.05,1,1,1,0
3077,12.8494,5,0.05,2,1,2,0
3078,14.2137,2,0.05,0,0,2,0
3079,4.7378,1,0.05,0,0,1,0
3080,1.6557,1,0.05,0,0,1,0
3081,6.3962,1,0.05,0,0,1,0
3082,0.3077,1,0.05,0,0,1,0
3083,0.9898,2,0.05,0,1,1,0
3084,7.8152,1,0.05,0,0,1,0
3085,3.0795,1,0.05,0,0,1,0
3086,2.2503,1,0.05,0,1,0,0
3087,8.8703,2,0.05,0,1,1,0
3088,52.1267,9,0.05,1,6,0,2
3089,7.5017,1,0.05,0,1,0,0
3090,0.5683,1,0.05,0,0,1,0
3091,3.0795,1,0.05,0,0,1,0
3092,14.0031,4,0.05,0,2,2,0
3093,1.6581,1,0.05,0,0,1,0
3094,0.0234,1,0.05,0,0,1,0
3095,1.7766,1,0.05,0,0,1,0
3096,20.2016,4,0.05,2,2,0,0
3097,4.2114,1,0.05,1,0,0,0
3098,0.1748,1,0.05,0,1,0,0
3099,1.0526,1,0.05,1,0,0,0
3100,19.1439,11,0.05,7,4,0,0
3101,10.2653,2,0.05,2,0,0,0
3102,9.4909,4,0.05,2,1,0,1
3103,1.5791,1,0.05,1,0,0,0
3104,68.3455,35,0.05,31,1,0,3
3105,22.6728,6,0.05,4,2,0,0
3106,0.3604,1,0.05,1,0,0,0
3107,0.1287,1,0.05,1,0,0,0
3108,2.7725,3,0.05,2,1,0,0
3109,6.9423,6,0.05,2,4,0,0
3110,9.2924,3,0.05,2,1,0,0
3111,7.1561,4,0.05,2,2,0,0
3112,10.265,3,0.05,3,0,0,0
3113,0.9491,2,0.05,1,1,0,0
3114,12.4945,5,0.05,0,3,2,0
3115,0.284,1,0.05,0,0,1,0
3116,1.4188,1,0.05,0,0,1,0
3117,5.8004,2,0.05,0,1,1,0
3118,7.4223,3,0.05,0,2,1,0
3119,9.2541,3,0.05,0,3,0,0
3120,60.6383,16,0.05,4,9,0,3
3121,1.737,1,0.05,1,0,0,0
3122,20.0048,2,0.05,2,0,0,0
3123,20.1359,3,0.05,3,0,0,0
3124,1.8423,1,0.05,1,0,0,0
3125,10.7779,5,0.05,4,1,0,0
3126,5.7908,1,0.05,1,0,0,0
3127,6.9087,4,0.05,3,1,0,0
3128,0.9868,1,0.05,1,0,0,0
3129,3.0398,2,0.05,1,0,0,1
3130,0.4735,1,0.05,1,0,0,0
3131,1.974,1,0.05,1,0,0,0
3132,0.2234,1,0.05,1,0,0,0
3133,3.7171,10,0.05,4,3,0,3
3134,7.8707,5,0.05,3,0,1,1
3135,3.4217,1,0.05,1,0,0,0
3136,13.5799,9,0.05,9,0,0,0
3137,8.7912,2,0.05,2,0,0,0
3138,0.2325,3,0.05,1,1,0,1
3139,7.6333,1,0.05,1,0,0,0
3140,4.4664,2,0.05,1,1,0,0
3141,2.0696,3,0.05,1,2,0,0
3142,6.6327,2,0.05,2,0,0,0
3143,9.8643,11,0.05,8,3,0,0
3144,2.7632,4,0.05,1,2,1,0
3145,4.2961,6,0.05,5,1,0,0
3146,14.6488,4,0.05,3,1,0,0
3147,5.4592,6,0.05,4,1,0,1
3148,3.0769,1,0.05,1,0,0,0
3149,67.0214,26,0.05,16,5,2,3
3150,0.0787,1,0.05,1,0,0,0
3151,22.0711,2,0.05,1,1,0,0
3152,4.7051,3,0.05,1,2,0,0
3153,0.1313,1,0.05,1,0,0,0
3154,0.8287,2,0.05,1,1,0,0
3155,37.101,35,0.05,20,9,2,4
3156,2.4409,2,0.05,1,1,0,0
3157,0.0026,1,0.05,1,0,0,0
3158,8.1594,2,0.05,2,0,0,0
3159,19.4241,7,0.05,6,1,0,0
3160,13.4439,2,0.05,1,1,0,0
3161,47.5227,10,0.05,7,2,0,1
3162,5.889,4,0.05,1,2,1,0
3163,0.726,2,0.05,1,1,0,0
3164,7.9778,3,0.05,1,1,0,1
3165,0.2603,1,0.05,1,0,0,0
3166,0.4839,2,0.05,1,0,0,1
3167,0.2234,1,0.05,1,0,0,0
3168,20.3768,9,0.05,7,1,0,1
3169,0.5183,1,0.05,1,0,0,0
3170,0.2893,1,0.05,1,0,0,0
3171,1.5791,1,0.05,1,0,0,0
3172,6.3171,1,0.05,1,0,0,0
3173,3.59,2,0.05,1,0,0,1
3174,1.3159,1,0.05,1,0,0,0
3175,3.3159,3,0.05,1,2,0,0
3176,9.8699,5,0.05,4,1,0,0
3177,4.8695,1,0.05,1,0,0,0
3178,13.7787,4,0.05,2,2,0,0
3179,3.1804,3,0.05,1,2,0,0
3180,4.7378,1,0.05,1,0,0,0
3181,4.9479,3,0.05,1,2,0,0
3182,10.0024,1,0.05,1,0,0,0
3183,6.9089,3,0.05,1,2,0,0
3184,3.0075,3,0.05,1,2,0,0
3185,2.8953,1,0.05,1,0,0,0
3186,0.5525,1,0.05,1,0,0,0
3187,22.1255,5,0.05,1,4,0,0
3188,5.1755,3,0.05,0,3,0,0
3189,1.0151,3,0.05,1,2,0,0
3190,5.2941,3,0.05,1,2,0,0
3191,0.4495,3,0.05,1,1,1,0
3192,17.092,9,0.05,5,4,0,0
3193,3.1584,1,0.05,1,0,0,0
3194,108.5123,13,0.05,5,3,0,5
3195,38.9963,8,0.05,3,4,1,0
3196,14.8471,23,0.05,13,2,8,0
3197,0.0105,2,0.05,1,0,0,1
3198,0.4999,1,0.05,1,0,0,0
3199,1.974,1,0.05,1,0,0,0
3200,1.5764,1,0.05,1,0,0,0
3201,8.4885,2,0.05,1,1,0,0
3202,5.6591,1,0.05,1,0,0,0
3203,35.0308,26,0.05,6,20,0,0
3204,0.263,1,0.05,1,0,0,0
3205,15.2693,2,0.05,1,1,0,0
3206,6.1853,2,0.05,1,1,0,0
3207,1.3159,1,0.05,1,0,0,0
3208,2.1055,1,0.05,1,0,0,0
3209,1.3133,1,0.05,1,0,0,0
3210,2.521,3,0.05,1,0,2,0
3211,4.7329,2,0.05,0,0,2,0
3212,8.8728,2,0.05,1,1,0,0
3213,4.0558,2,0.05,1,0,1,0
3214,8.8239,9,0.05,6,0,2,1
3215,0.0854,2,0.05,1,0,0,1
3216,5.18,6,0.05,2,1,0,3
3217,18.0656,10,0.05,1,0,4,5
3218,5.1982,2,0.05,1,1,0,0
3219,6.0539,1,0.05,1,0,0,0
3220,13.4081,3,0.05,1,0,2,0
3221,9.8572,3,0.05,1,1,0,1
3222,7.3701,1,0.05,0,0,0,1
3223,5.9223,1,0.05,1,0,0,0
3224,7.2303,3,0.05,1,2,0,0
3225,4.0002,3,0.05,1,2,0,0
3226,4.4822,2,0.05,1,1,0,0
3227,9.1516,6,0.05,2,3,1,0
3228,0.9737,1,0.05,1,0,0,0
3229,4.0571,2,0.05,1,1,0,0
3230,1.1132,4,0.05,3,1,0,0
3231,1.3159,1,0.05,1,0,0,0
3232,765.659,387,0.05,202,83,34,68
3233,7.1221,6,0.05,2,2,0,2
3234,12.3458,4,0.05,1,1,1,1
3235,1.8681,3,0.05,3,0,0,0
3236,2.7419,4,0.05,2,1,0,1
3237,0.4472,1,0.05,1,0,0,0
3238,19.5043,3,0.05,2,0,0,1
3239,9.0013,4,0.05,3,0,0,1
3240,12.2105,4,0.05,3,0,0,1
3241,0.0392,1,0.05,1,0,0,0
3242,12.7018,6,0.05,5,0,0,1
3243,5.9023,2,0.05,1,1,0,0
3244,0.8498,2,0.05,1,0,0,1
3245,0.3286,2,0.05,1,0,0,1
3246,3.9481,1,0.05,1,0,0,0
3247,14.6814,6,0.05,3,0,0,3
3248,0.489,3,0.05,1,0,0,2
3249,22.7136,8,0.05,3,3,0,2
3250,2.553,1,0.05,1,0,0,0
3251,12.3618,3,0.05,2,1,0,0
3252,10.9491,4,0.05,3,1,0,0
3253,3.9477,3,0.05,3,0,0,0
3254,1.3133,1,0.05,1,0,0,0
3255,0.5262,1,0.05,1,0,0,0
3256,2.8425,2,0.05,1,0,0,1
3257,8.6835,1,0.05,1,0,0,0
3258,6.9316,9,0.05,4,2,0,3
3259,2.3688,1,0.05,1,0,0,0
3260,3.9481,1,0.05,1,0,0,0
3261,1.7144,2,0.05,1,1,0,0
3262,2.1055,1,0.05,1,0,0,0
3263,0.51,3,0.05,3,0,0,0
3264,1.2632,1,0.05,1,0,0,0
3265,0.6315,1,0.05,1,0,0,0
3266,4.5536,1,0.05,1,0,0,0
3267,5.6309,6,0.05,3,2,1,0
3268,6.0539,1,0.05,1,0,0,0
3269,10.894,6,0.05,4,1,1,0
3270,12.0086,7,0.05,4,1,2,0
3271,0.7894,1,0.05,1,0,0,0
3272,5.1417,2,0.05,1,1,0,0
3273,7.3538,3,0.05,1,2,0,0
3274,1.7866,3,0.05,1,1,0,1
3275,1.3159,1,0.05,1,0,0,0
3276,8.5088,5,0.05,2,2,0,1
3277,10.5262,1,0.05,1,0,0,0
3278,8.0714,2,0.05,0,1,0,1
3279,750.9121,541,0.05,285,129,69,58
3280,9.2126,1,0.05,1,0,0,0
3281,7.9095,3,0.05,3,0,0,0
3282,6.8436,1,0.05,1,0,0,0
3283,31.55,3,0.05,3,0,0,0
3284,3.9455,1,0.05,1,0,0,0
3285,38.8355,4,0.05,3,0,0,1
3286,61.0638,34,0.05,17,2,15,0
3287,15.1084,3,0.05,1,0,2,0
3288,0.6578,1,0.05,1,0,0,0
3289,4.7696,2,0.05,1,0,1,0
3290,0.5575,5,0.05,2,0,3,0
3291,3.6823,1,0.05,1,0,0,0
3292,34.5872,3,0.05,1,0,2,0
3293,13.2668,9,0.05,6,2,0,1
3294,17.9502,7,0.05,6,0,1,0
3295,1.2873,2,0.05,1,0,0,1
3296,33.7376,4,0.05,2,2,0,0
3297,1.0788,2,0.05,1,0,0,1
3298,4.3055,3,0.05,3,0,0,0
3299,0.026,1,0.05,1,0,0,0
3300,1.2235,2,0.05,1,0,0,1
3301,1.7976,9,0.05,1,0,1,7
3302,9.7365,1,0.05,1,0,0,0
3303,5.7908,1,0.05,1,0,0,0
3304,0.5525,1,0.05,1,0,0,0
3305,0.7894,1,0.05,1,0,0,0
3306,10.783,4,0.05,1,0,0,3
3307,4.0269,2,0.05,1,0,0,1
3308,0.3156,1,0.05,1,0,0,0
3309,59.1512,4,0.05,4,0,0,0
3310,2.456,3,0.05,1,2,0,0
3311,1.5001,1,0.05,1,0,0,0
3312,2.3688,1,0.05,1,0,0,0
3313,2.3688,1,0.05,1,0,0,0
3314,1.8387,6,0.05,2,1,2,1
3315,6.1595,7,0.05,3,2,1,1
3316,1.0843,1,0.05,1,0,0,0
3317,8.7778,3,0.05,2,0,1,0
3318,20.2004,8,0.05,3,5,0,0
3319,24.3857,13,0.05,5,4,0,4
3320,22.1104,3,0.05,3,0,0,0
3321,0.026,1,0.05,1,0,0,0
3322,59.1659,9,0.05,7,0,0,2
3323,7.7624,5,0.05,1,2,1,1
3324,31.9683,14,0.05,5,4,1,4
3325,3.0795,1,0.05,1,0,0,0
3326,34.3036,9,0.05,9,0,0,0
3327,295.5152,234,0.05,112,88,29,5
3328,6.0539,1,0.05,1,0,0,0
3329,4.8955,2,0.05,2,0,0,0
3330,6.1325,3,0.05,3,0,0,0
3331,34.3498,5,0.05,5,0,0,0
3332,3.2899,2,0.05,2,0,0,0
3333,43.0513,9,0.05,9,0,0,0
3334,100.6514,39,0.05,18,6,4,11
3335,21.3115,7,0.05,4,3,0,0
3336,7.6854,3,0.05,2,1,0,0
3337,22.2282,5,0.05,3,2,0,0
3338,6.8428,4,0.05,4,0,0,0
3339,21.5423,6,0.05,3,1,2,0
3340,14.1023,5,0.05,3,1,0,1
3341,9.0403,6,0.05,6,0,0,0
3342,11.0546,4,0.05,4,0,0,0
3343,0.2667,2,0.05,1,1,0,0
3344,2.6294,1,0.05,1,0,0,0
3345,12.9655,4,0.05,2,2,0,0
3346,24.1224,10,0.05,8,1,0,1
3347,3.4217,1,0.05,1,0,0,0
3348,33.034,4,0.05,3,0,0,1
3349,2.0843,2,0.05,1,0,0,1
3350,11.9748,7,0.05,7,0,0,0
3351,1.2606,1,0.05,1,0,0,0
3352,0.5235,1,0.05,1,0,0,0
3353,3.3662,2,0.05,2,0,0,0
3354,53.4174,7,0.05,7,0,0,0
3355,33.764,15,0.05,8,1,1,5
3356,1.974,1,0.05,1,0,0,0
3357,6.7384,1,0.05,0,0,0,1
3358,3.7505,2,0.05,1,0,1,0
3359,9.9757,2,0.05,2,0,0,0
3360,0.2388,2,0.05,1,1,0,0
3361,1.8397,1,0.05,1,0,0,0
3362,0.3419,1,0.05,1,0,0,0
3363,7.0253,6,0.05,5,1,0,0
3364,3.3423,3,0.05,3,0,0,0
3365,3.4217,1,0.05,1,0,0,0
3366,0.5525,1,0.05,1,0,0,0
3367,2.6294,1,0.05,1,0,0,0
3368,0.2893,1,0.05,1,0,0,0
3369,9.528,3,0.05,2,1,0,0
3370,2.5419,3,0.05,1,2,0,0
3371,14.793,1,0.05,1,0,0,0
3372,0.0787,1,0.05,1,0,0,0
3373,0.0944,2,0.05,1,0,0,1
3374,2.3688,1,0.05,1,0,0,0
3375,3.4217,1,0.05,1,0,0,0
3376,0.2893,1,0.05,1,0,0,0
3377,1.5528,1,0.05,1,0,0,0
3378,1.4475,1,0.05,1,0,0,0
3379,1.8473,2,0.05,1,1,0,0
3380,1.3159,1,0.05,1,0,0,0
3381,8.1816,7,0.05,1,4,2,0
3382,0.3156,1,0.05,1,0,0,0
3383,0.4216,3,0.05,1,2,0,0
3384,19.2711,8,0.05,1,6,1,0
3385,2.2036,4,0.05,2,1,0,1
3386,3.2298,2,0.05,1,0,1,0
3387,1.1316,1,0.05,1,0,0,0
3388,18.4291,9,0.05,2,2,5,0
3389,5.1327,1,0.05,1,0,0,0
3390,17.8991,1,0.05,1,0,0,0
3391,10.9494,3,0.05,3,0,0,0
3392,10.3653,2,0.05,1,0,1,0
3393,2.632,1,0.05,1,0,0,0
3394,11.9306,6,0.05,2,1,3,0
3395,10.8285,3,0.05,1,2,0,0
3396,0.3287,1,0.05,1,0,0,0
3397,6.0599,4,0.05,1,3,0,0
3398,18.9913,2,0.05,1,1,0,0
3399,3.9766,3,0.05,1,2,0,0
3400,3.8138,5,0.05,1,2,2,0
3401,4.0135,3,0.05,2,1,0,0
3402,7.3698,2,0.05,2,0,0,0
3403,24.4865,6,0.05,5,1,0,0
3404,0.3051,1,0.05,1,0,0,0
3405,11.4252,7,0.05,2,1,0,4
3406,2.3662,1,0.05,1,0,0,0
3407,2.6294,1,0.05,1,0,0,0
3408,118.8566,44,0.05,14,19,0,11
3409,1.5791,1,0.05,1,0,0,0
3410,10.6272,2,0.05,1,1,0,0
3411,17.4209,22,0.05,6,9,1,6
3412,6.5533,4,0.05,2,2,0,0
3413,0.1445,1,0.05,1,0,0,0
3414,7.2655,15,0.05,8,4,3,0
3415,3.4741,2,0.05,1,0,0,1
3416,0.5788,1,0.05,1,0,0,0
3417,9.4478,9,0.05,2,0,2,5
3418,0.3551,1,0.05,1,0,0,0
3419,0.4153,3,0.05,1,0,1,1
3420,3.3717,3,0.05,1,0,0,2
3421,22.1412,6,0.05,1,3,0,2
3422,4.1168,3,0.05,1,2,0,0
3423,1.8507,2,0.05,1,1,0,0
3424,0.2366,1,0.05,1,0,0,0
3425,0.7368,1,0.05,1,0,0,0
3426,1.3159,1,0.05,1,0,0,0
3427,2.5567,2,0.05,1,1,0,0
3428,2.1346,3,0.05,1,1,0,1
3429,10.7234,7,0.05,4,2,1,0
3430,0.0663,2,0.05,1,1,0,0
3431,1.1658,1,0.05,1,0,0,0
3432,6.4488,1,0.05,1,0,0,0
3433,1.5791,1,0.05,1,0,0,0
3434,1.974,1,0.05,1,0,0,0
3435,3.9481,1,0.05,1,0,0,0
3436,32.1396,20,0.05,5,4,11,0
3437,0.4937,5,0.05,1,1,0,3
3438,2.5949,2,0.05,1,1,0,0
3439,20.188,5,0.05,3,2,0,0
3440,1.6207,3,0.05,2,1,0,0
3441,9.7365,1,0.05,1,0,0,0
3442,1.3133,1,0.05,1,0,0,0
3443,2.3688,1,0.05,1,0,0,0
3444,5.3956,2,0.05,2,0,0,0
3445,2.2009,3,0.05,2,0,0,1
3446,6.8963,1,0.05,1,0,0,0
3447,4.7378,1,0.05,1,0,0,0
3448,1.6231,4,0.05,2,0,0,2
3449,1.5627,3,0.05,2,0,0,1
3450,7.6401,10,0.05,1,1,2,6
3451,17.9686,15,0.05,10,2,3,0
3452,5.5275,1,0.05,1,0,0,0
3453,2.6294,1,0.05,1,0,0,0
3454,15.1843,6,0.05,3,0,3,0
3455,21.6223,6,0.05,2,0,3,1
3456,1.6581,1,0.05,1,0,0,0
3457,3.673,2,0.05,0,2,0,0
3458,0.1577,1,0.05,1,0,0,0
3459,0.1708,1,0.05,1,0,0,0
3460,3.4217,1,0.05,1,0,0,0
3461,12.7831,8,0.05,4,3,1,0
3462,0.7016,4,0.05,1,2,0,1
3463,1.0526,1,0.05,1,0,0,0
3464,26.73,8,0.05,4,4,0,0
3465,11.8449,1,0.05,1,0,0,0
3466,2.2372,1,0.05,1,0,0,0
3467,1.125,1,0.05,0,1,0,0
3468,2.0242,1,0.05,1,0,0,0
3469,6.1037,2,0.05,1,1,0,0
3470,0.137,5,0.05,1,0,1,3
3471,4.7378,1,0.05,1,0,0,0
3472,2.632,1,0.05,1,0,0,0
3473,1.2313,2,0.05,1,1,0,0
3474,14.7576,4,0.05,1,2,1,0
3475,0.8621,1,0.05,0,0,1,0
3476,10.5262,1,0.05,1,0,0,0
3477,6.0539,1,0.05,1,0,0,0
3478,1.4475,1,0.05,1,0,0,0
3479,13.7029,3,0.05,1,1,0,1
3480,0.8285,3,0.05,1,1,1,0
3481,1.8923,1,0.05,1,0,0,0
3482,16.2344,10,0.05,2,6,1,1
3483,0.4259,2,0.05,1,0,0,1
3484,57.3532,8,0.05,5,1,2,0
3485,0.0471,1,0.05,1,0,0,0
3486,16.9665,6,0.05,1,1,4,0
3487,0.4865,2,0.05,1,1,0,0
3488,8.6835,1,0.05,1,0,0,0
3489,5.6374,3,0.05,1,2,0,0
3490,8.6863,1,0.05,1,0,0,0
3491,0.205,2,0.05,1,1,0,0
3492,0.2366,1,0.05,1,0,0,0
3493,19.228,3,0.05,1,1,0,1
3494,11.0813,2,0.05,1,0,0,1
3495,22.9421,8,0.05,4,2,1,1
3496,9.9269,3,0.05,1,2,0,0
3497,50.3229,4,0.05,3,0,1,0
3498,0.7293,2,0.05,1,0,0,1
3499,2.8953,1,0.05,1,0,0,0
3500,17.1756,7,0.05,1,3,3,0
3501,13.5279,2,0.05,0,2,0,0
3502,10.0021,2,0.05,0,2,0,0
3503,13.8023,7,0.05,0,6,1,0
3504,0.0884,3,0.05,1,2,0,0
3505,2.2372,1,0.05,1,0,0,0
3506,82.8933,8,0.05,7,1,0,0
3507,26.0364,13,0.05,5,3,1,4
3508,16.6513,8,0.05,1,6,0,1
3509,0.9211,1,0.05,1,0,0,0
3510,0.0418,1,0.05,1,0,0,0
3511,1.8423,1,0.05,1,0,0,0
3512,1.3133,1,0.05,1,0,0,0
3513,5.6829,1,0.05,1,0,0,0
3514,4.5984,3,0.05,2,0,0,1
3515,3.6846,2,0.05,2,0,0,0
3516,7.2329,4,0.05,3,1,0,0
3517,29.7206,3,0.05,2,1,0,0
3518,0.6578,1,0.05,1,0,0,0
3519,36.5694,17,0.05,4,6,1,6
3520,3.3253,2,0.05,0,2,0,0
3521,0.7772,2,0.05,0,2,0,0
3522,0.7625,1,0.05,0,1,0,0
3523,16.5778,6,0.05,0,6,0,0
3524,0.1708,1,0.05,1,0,0,0
3525,9.7365,1,0.05,1,0,0,0
3526,20.7494,13,0.05,4,5,2,2
3527,0.4788,1,0.05,1,0,0,0
3528,2.9214,2,0.05,1,0,0,1
3529,2.761,1,0.05,1,0,0,0
3530,3.9479,2,0.05,2,0,0,0
3531,6.8433,2,0.05,2,0,0,0
3532,28.3527,8,0.05,2,5,1,0
3533,24.2804,11,0.05,1,5,3,2
3534,3.7429,1,0.05,0,0,1,0
3535,46.0713,21,0.05,9,3,5,4
3536,2.1253,1,0.05,0,1,0,0
3537,34.6932,5,0.05,2,3,0,0
3538,1.1053,1,0.05,1,0,0,0
3539,24.5702,7,0.05,1,3,1,2
3540,13.8034,1,0.05,1,0,0,0
3541,24.3694,3,0.05,2,0,0,1
3542,28.7426,7,0.05,6,0,0,1
3543,2.4108,1,0.05,1,0,0,0
3544,12.3027,2,0.05,1,0,1,0
3545,10.8535,3,0.05,1,1,1,0
3546,2.7371,2,0.05,1,0,1,0
3547,4.5007,2,0.05,1,0,1,0
3548,18.0155,11,0.05,3,2,4,2
3549,3.4217,1,0.05,1,0,0,0
3550,1.7661,3,0.05,1,2,0,0
3551,2.761,1,0.05,1,0,0,0
3552,6.0539,1,0.05,1,0,0,0
3553,3.9481,1,0.05,1,0,0,0
3554,8.0157,6,0.05,3,3,0,0
3555,0.7105,1,0.05,1,0,0,0
3556,9.5262,5,0.05,4,0,0,1
3557,2.0002,1,0.05,1,0,0,0
3558,2.2372,1,0.05,1,0,0,0
3559,0.5052,1,0.05,0,0,0,1
3560,16.8428,5,0.05,5,0,0,0
3561,1.5791,1,0.05,1,0,0,0
3562,38.3237,9,0.05,6,3,0,0
3563,45.7771,14,0.05,5,1,8,0
3564,1.8748,3,0.05,1,1,1,0
3565,4.2207,2,0.05,1,0,1,0
3566,3.2635,2,0.05,1,0,1,0
3567,2.4427,2,0.05,1,0,1,0
3568,1.974,1,0.05,1,0,0,0
3569,0.4735,1,0.05,1,0,0,0
3570,43.7866,9,0.05,7,0,1,1
3571,9.2126,1,0.05,1,0,0,0
3572,31.4344,12,0.05,11,1,0,0
3573,74.958,29,0.05,2,1,16,10
3574,14.8555,7,0.05,0,3,0,4
3575,14.0558,2,0.05,1,0,0,1
3576,0.2893,1,0.05,1,0,0,0
3577,27.5856,2,0.05,2,0,0,0
3578,5.6325,2,0.05,2,0,0,0
3579,0.2366,1,0.05,1,0,0,0
3580,0.0498,1,0.05,1,0,0,0
3581,5.0008,2,0.05,1,0,0,1
3582,1.0526,1,0.05,1,0,0,0
3583,0.7364,2,0.05,2,0,0,0
3584,10.8154,4,0.05,4,0,0,0
3585,3.4217,1,0.05,1,0,0,0
3586,8.4204,1,0.05,1,0,0,0
3587,9.4568,4,0.05,3,1,0,0
3588,0.8154,2,0.05,2,0,0,0
3589,30.1668,12,0.05,7,2,3,0
3590,3.0795,1,0.05,1,0,0,0
3591,1.1842,1,0.05,1,0,0,0
3592,7.7936,2,0.05,2,0,0,0
3593,12.5971,4,0.05,0,1,3,0
3594,5.4012,1,0.05,0,1,0,0
3595,5.0011,1,0.05,0,1,0,0
3596,2.6736,3,0.05,0,2,0,1
3597,1.1842,1,0.05,1,0,0,0
3598,6.0189,4,0.05,4,0,0,0
3599,45.6349,3,0.05,3,0,0,0
3600,5.6647,5,0.05,3,2,0,0
3601,103.7573,29,0.05,8,10,0,11
3602,0.6052,1,0.05,1,0,0,0
3603,2.3161,1,0.05,1,0,0,0
3604,5.1798,2,0.05,1,1,0,0
3605,12.8197,8,0.05,1,4,3,0
3606,22.2355,10,0.05,7,3,0,0
3607,3.7965,2,0.05,1,1,0,0
3608,20.6282,4,0.05,2,2,0,0
3609,26.6383,1,0.05,1,0,0,0
3610,0.2104,1,0.05,1,0,0,0
3611,1.9801,13,0.05,3,2,3,5
3612,8.4018,2,0.05,0,2,0,0
3613,0.7499,1,0.05,0,1,0,0
3614,1.125,1,0.05,0,1,0,0
3615,5.0007,2,0.05,0,2,0,0
3616,14.4531,3,0.05,0,3,0,0
3617,30.2105,7,0.05,1,6,0,0
3618,10.2729,3,0.05,2,1,0,0
3619,2.6294,1,0.05,1,0,0,0
3620,3.1193,4,0.05,2,2,0,0
3621,9.7189,6,0.05,2,3,0,1
3622,1.259,2,0.05,1,1,0,0
3623,8.2497,5,0.05,4,1,0,0
3624,9.2124,2,0.05,2,0,0,0
3625,1.1035,3,0.05,2,1,0,0
3626,2.5003,1,0.05,1,0,0,0
3627,10.0152,2,0.05,1,1,0,0
3628,7.4723,3,0.05,2,0,1,0
3629,9.3703,2,0.05,2,0,0,0
3630,5.8468,3,0.05,1,2,0,0
3631,16.7174,6,0.05,5,1,0,0
3632,8.6863,1,0.05,1,0,0,0
3633,13.8034,1,0.05,1,0,0,0
3634,12.7091,3,0.05,2,1,0,0
3635,2.3688,1,0.05,1,0,0,0
3636,27.68,12,0.05,1,4,7,0
3637,4.027,2,0.05,0,0,2,0
3638,0.6157,1,0.05,0,0,1,0
3639,14.6712,1,0.05,0,0,1,0
3640,12.9236,3,0.05,1,0,2,0
3641,6.4573,3,0.05,0,0,3,0
3642,2.1315,3,0.05,0,0,3,0
3643,11.6914,5,0.05,2,0,3,0
3644,9.0936,3,0.05,2,1,0,0
3645,0.1577,1,0.05,1,0,0,0
3646,12.5732,9,0.05,5,3,0,1
3647,3.2506,1,0.05,0,1,0,0
3648,15.3699,6,0.05,0,5,0,1
3649,0.6999,1,0.05,0,1,0,0
3650,6.8546,5,0.05,1,4,0,0
3651,11.9621,6,0.05,5,1,0,0
3652,42.3017,6,0.05,6,0,0,0
3653,3.9481,1,0.05,1,0,0,0
3654,1.9961,2,0.05,1,1,0,0
3655,30.8456,8,0.05,5,0,3,0
3656,4.4821,2,0.05,2,0,0,0
3657,6.2226,5,0.05,2,2,1,0
3658,2.532,2,0.05,1,1,0,0
3659,6.9405,3,0.05,0,2,0,1
3660,3.9481,1,0.05,1,0,0,0
3661,2.2066,2,0.05,1,1,0,0
3662,95.7048,16,0.05,8,6,1,1
3663,30.0072,3,0.05,3,0,0,0
3664,2.1843,2,0.05,2,0,0,0
3665,2.3682,3,0.05,2,1,0,0
3666,14.5659,4,0.05,3,1,0,0
3667,0.2498,1,0.05,1,0,0,0
3668,23.8931,5,0.05,3,1,1,0
3669,16.3013,1,0.05,1,0,0,0
3670,1.1334,2,0.05,1,1,0,0
3671,11.5077,8,0.05,2,3,0,3
3672,28.288,4,0.05,2,2,0,0
3673,0.1313,1,0.05,1,0,0,0
3674,0.7105,1,0.05,1,0,0,0
3675,4.2901,2,0.05,1,0,0,1
3676,1.3133,1,0.05,1,0,0,0
3677,15.793,2,0.05,2,0,0,0
3678,2.6294,1,0.05,1,0,0,0
3679,4.7378,1,0.05,1,0,0,0
3680,3.4215,2,0.05,1,0,0,1
3681,10.1949,5,0.05,2,3,0,0
3682,21.4226,6,0.05,6,0,0,0
3683,2.524,2,0.05,1,1,0,0
3684,15.7722,1,0.05,1,0,0,0
3685,36.4126,27,0.05,20,3,4,0
3686,7.7069,5,0.05,2,1,0,2
3687,4.7375,2,0.05,2,0,0,0
3688,4.4746,1,0.05,1,0,0,0
3689,6.4485,17,0.05,9,2,1,5
3690,13.7752,2,0.05,1,0,0,1
3691,4.7378,1,0.05,1,0,0,0
3692,4.2833,3,0.05,2,1,0,0
3693,0.3156,1,0.05,1,0,0,0
3694,0.4681,2,0.05,1,0,0,1
3695,10.8069,4,0.05,4,0,0,0
3696,4.4874,3,0.05,2,0,0,1
3697,2.1055,1,0.05,1,0,0,0
3698,2.3161,1,0.05,1,0,0,0
3699,27.9584,6,0.05,6,0,0,0
3700,1.7153,4,0.05,1,0,0,3
3701,1.3948,1,0.05,1,0,0,0
3702,1.1842,1,0.05,1,0,0,0
3703,1.1579,1,0.05,1,0,0,0
3704,1.974,1,0.05,1,0,0,0
3705,0.1577,1,0.05,1,0,0,0
3706,8.5513,4,0.05,2,2,0,0
3707,5.8649,4,0.05,1,2,0,1
3708,0.362,3,0.05,1,0,0,2
3709,0.0663,2,0.05,1,1,0,0
3710,0.5998,2,0.05,0,0,0,2
3711,6.8436,1,0.05,1,0,0,0
3712,1.5791,1,0.05,1,0,0,0
3713,2.5751,2,0.05,1,0,1,0
3714,2.4817,2,0.05,1,1,0,0
3715,11.5024,2,0.05,1,0,1,0
3716,7.159,3,0.05,2,0,1,0
3717,5.3525,10,0.05,2,0,8,0
3718,6.6138,9,0.05,7,0,2,0
3719,11.3185,1,0.05,1,0,0,0
3720,1.974,1,0.05,1,0,0,0
3721,2.2635,1,0.05,1,0,0,0
3722,13.8034,1,0.05,1,0,0,0
3723,3.5531,2,0.05,2,0,0,0
3724,15.3978,4,0.05,4,0,0,0
3725,47.2965,23,0.05,3,2,2,16
3726,9.1835,2,0.05,1,0,1,0
3727,0.8136,5,0.05,1,0,1,3
3728,12.0267,3,0.05,2,0,0,1
3729,44.0109,4,0.05,3,0,1,0
3730,0.2366,1,0.05,1,0,0,0
3731,0.7762,1,0.05,1,0,0,0
3732,34.4815,4,0.05,4,0,0,0
3733,7.5331,6,0.05,4,1,0,1
3734,69.8586,18,0.05,3,8,7,0
3735,0.8684,1,0.05,1,0,0,0
3736,0.4472,1,0.05,1,0,0,0
3737,2.0564,5,0.05,1,3,1,0
3738,6.051,2,0.05,1,0,1,0
3739,23.4742,4,0.05,2,0,2,0
3740,1.5791,1,0.05,1,0,0,0
3741,3.9743,3,0.05,2,0,1,0
3742,2.3957,4,0.05,1,3,0,0
3743,274.1639,183,0.05,40,70,42,31
3744,46.1717,15,0.05,10,0,5,0
3745,1.5791,1,0.05,1,0,0,0
3746,2.632,1,0.05,1,0,0,0
3747,3.6258,1,0.05,0,1,0,0
3748,5.0339,2,0.05,0,1,0,1
3749,2.4746,4,0.05,1,3,0,0
3750,46.7426,11,0.05,5,3,2,1
3751,19.6492,3,0.05,2,0,1,0
3752,28.9332,3,0.05,2,1,0,0
3753,1.0393,2,0.05,1,1,0,0
3754,2.761,1,0.05,1,0,0,0
3755,1.3159,1,0.05,1,0,0,0
3756,0.3058,2,0.05,1,1,0,0
3757,0.7494,4,0.05,2,0,2,0
3758,4.6105,5,0.05,1,1,3,0
3759,0.1393,1,0.05,1,0,0,0
3760,10.1163,3,0.05,2,1,0,0
3761,9.2622,3,0.05,1,0,2,0
3762,5.4309,2,0.05,1,0,1,0
3763,2.2372,1,0.05,1,0,0,0
3764,13.0474,3,0.05,1,0,2,0
3765,15.6508,3,0.05,1,0,2,0
3766,0.1999,1,0.05,0,1,0,0
3767,10.7994,3,0.05,1,1,1,0
3768,12.3847,3,0.05,1,2,0,0
3769,15.3529,14,0.05,8,6,0,0
3770,4.0008,1,0.05,1,0,0,0
3771,0.0655,1,0.05,1,0,0,0
3772,0.4336,4,0.05,2,0,0,2
3773,1.5764,1,0.05,1,0,0,0
3774,1.5393,2,0.05,1,1,0,0
3775,17.8991,1,0.05,1,0,0,0
3776,26.2274,5,0.05,1,2,2,0
3777,10.2783,3,0.05,1,1,1,0
3778,6.8406,3,0.05,2,0,1,0
3779,2.0301,3,0.05,2,1,0,0
3780,0.5249,1,0.05,0,1,0,0
3781,9.2497,1,0.05,0,1,0,0
3782,9.2126,1,0.05,1,0,0,0
3783,7.8249,5,0.05,1,3,1,0
3784,1.9737,2,0.05,1,0,1,0
3785,15.3842,12,0.05,6,4,2,0
3786,1.0168,2,0.05,1,1,0,0
3787,31.2705,3,0.05,3,0,0,0
3788,5.9746,3,0.05,1,2,0,0
3789,9.7391,1,0.05,1,0,0,0
3790,0.5131,1,0.05,1,0,0,0
3791,4.2114,1,0.05,1,0,0,0
3792,2.1055,1,0.05,1,0,0,0
3793,9.6863,2,0.05,2,0,0,0
3794,44.5615,19,0.05,10,0,5,4
3795,4.5952,3,0.05,1,1,0,1
3796,53.4336,6,0.05,6,0,0,0
3797,18.7297,6,0.05,5,0,0,1
3798,0.447,2,0.05,2,0,0,0
3799,29.4287,14,0.05,7,6,1,0
3800,24.4888,10,0.05,3,7,0,0
3801,69.5349,33,0.05,12,4,9,8
3802,0.1577,1,0.05,1,0,0,0
3803,0.7368,1,0.05,1,0,0,0
3804,2.7636,1,0.05,1,0,0,0
3805,5.2178,3,0.05,2,1,0,0
3806,0.7657,2,0.05,1,0,1,0
3807,49.3424,17,0.05,4,9,2,2
3808,43.2149,5,0.05,3,2,0,0
3809,4.1587,1,0.05,1,0,0,0
3810,1.0789,1,0.05,1,0,0,0
3811,5.9221,2,0.05,2,0,0,0
3812,0.2761,1,0.05,1,0,0,0
3813,5.8639,3,0.05,2,0,0,1
3814,1.0249,2,0.05,0,2,0,0
3815,10.1317,6,0.05,4,0,0,2
3816,0.6578,1,0.05,1,0,0,0
3817,4.0471,7,0.05,2,0,0,5
3818,2.9436,5,0.05,2,1,0,2
3819,17.9506,6,0.05,4,2,0,0
3820,0.1577,1,0.05,1,0,0,0
3821,6.001,2,0.05,2,0,0,0
3822,1.9818,1,0.05,1,0,0,0
3823,43.4209,5,0.05,4,0,1,0
3824,5.0986,4,0.05,3,1,0,0
3825,27.2656,19,0.05,5,12,1,1
3826,96.0981,43,0.05,15,9,16,3
3827,13.2524,4,0.05,3,0,1,0
3828,9.5436,3,0.05,1,0,1,1
3829,9.4756,2,0.05,2,0,0,0
3830,3.606,1,0.05,1,0,0,0
3831,0.2104,1,0.05,1,0,0,0
3832,0.6197,3,0.05,1,0,0,2
3833,3.9481,1,0.05,1,0,0,0
3834,1.6841,2,0.05,2,0,0,0
3835,7.273,6,0.05,1,1,0,4
3836,23.3266,7,0.05,2,4,1,0
3837,37.0195,6,0.05,3,3,0,0
3838,17.477,6,0.05,5,0,1,0
3839,4.079,5,0.05,1,3,1,0
3840,21.5085,9,0.05,4,2,1,2
3841,1.2895,1,0.05,1,0,0,0
3842,9.6648,5,0.05,2,0,1,2
3843,31.2173,5,0.05,5,0,0,0
3844,6.2512,2,0.05,1,0,1,0
3845,0.1784,3,0.05,1,0,0,2
3846,111.4653,13,0.05,4,8,1,0
3847,24.8741,3,0.05,1,0,1,1
3848,8.4359,2,0.05,1,1,0,0
3849,10.0024,1,0.05,1,0,0,0
3850,1.974,1,0.05,1,0,0,0
3851,2.038,3,0.05,2,1,0,0
3852,1.3604,2,0.05,1,1,0,0
3853,9.7365,1,0.05,1,0,0,0
3854,9.7854,5,0.05,4,1,0,0
3855,45.6932,10,0.05,9,1,0,0
3856,4.2901,2,0.05,2,0,0,0
3857,4.2111,2,0.05,2,0,0,0
3858,0.1181,1,0.05,1,0,0,0
3859,0.3859,2,0.05,1,0,0,1
3860,3.5926,2,0.05,1,0,1,0
3861,0.0418,1,0.05,1,0,0,0
3862,0.7762,1,0.05,1,0,0,0
3863,1.3159,1,0.05,1,0,0,0
3864,7.2938,3,0.05,1,2,0,0
3865,1.8423,1,0.05,1,0,0,0
3866,7.2185,5,0.05,1,4,0,0
3867,5.7699,3,0.05,1,1,1,0
3868,28.2359,3,0.05,2,0,1,0
3869,0.263,1,0.05,1,0,0,0
3870,1.4463,7,0.05,1,0,5,1
3871,7.0715,6,0.05,0,3,2,1
3872,0.2944,2,0.05,1,0,1,0
3873,0.7247,1,0.05,0,0,1,0
3874,6.9619,2,0.05,1,1,0,0
3875,10.2387,3,0.05,2,0,1,0
3876,3.0712,3,0.05,1,0,2,0
3877,16.0726,5,0.05,4,1,0,0
3878,1.059,2,0.05,1,1,0,0
3879,8.1277,3,0.05,2,1,0,0
3880,2.8426,1,0.05,1,0,0,0
3881,6.9619,2,0.05,1,1,0,0
3882,2.6949,2,0.05,2,0,0,0
3883,3.1501,3,0.05,1,1,0,1
3884,0.1313,1,0.05,1,0,0,0
3885,4.7375,2,0.05,2,0,0,0
3886,10.2521,13,0.05,2,5,0,6
3887,2.3688,1,0.05,1,0,0,0
3888,12.2311,5,0.05,1,2,0,2
3889,0.7575,2,0.05,1,0,0,1
3890,3.2107,3,0.05,1,2,0,0
3891,0.4757,3,0.05,1,0,0,2
3892,5.2351,7,0.05,2,5,0,0
3893,2.253,1,0.05,1,0,0,0
3894,3.6849,1,0.05,1,0,0,0
3895,1.1408,3,0.05,1,1,1,0
3896,3.0505,1,0.05,1,0,0,0
3897,0.7105,1,0.05,1,0,0,0
3898,15.7141,23,0.05,11,11,1,0
3899,0.5788,1,0.05,1,0,0,0
3900,19.7407,5,0.05,5,0,0,0
3901,22.637,2,0.05,2,0,0,0
3902,8.7317,10,0.05,0,6,1,3
3903,3.9481,1,0.05,1,0,0,0
3904,3.4217,1,0.05,1,0,0,0
3905,1.974,1,0.05,1,0,0,0
3906,0.4999,1,0.05,1,0,0,0
3907,10.5262,1,0.05,1,0,0,0
3908,0.4209,1,0.05,1,0,0,0
3909,29.6917,1,0.05,1,0,0,0
3910,16.3372,5,0.05,2,3,0,0
3911,3.4741,2,0.05,2,0,0,0
3912,3.4668,2,0.05,1,1,0,0
3913,3.7066,4,0.05,1,2,0,1
3914,11.5806,5,0.05,5,0,0,0
3915,1.1842,1,0.05,1,0,0,0
3916,0.6315,1,0.05,1,0,0,0
3917,2.2372,1,0.05,1,0,0,0
3918,15.9889,8,0.05,8,0,0,0
3919,8.9222,5,0.05,5,0,0,0
3920,2.3161,1,0.05,1,0,0,0
3921,44.0896,3,0.05,3,0,0,0
3922,7.7211,7,0.05,3,4,0,0
3923,0.6736,1,0.05,1,0,0,0
3924,0.2603,1,0.05,1,0,0,0
3925,0.3946,1,0.05,1,0,0,0
3926,6.1772,3,0.05,3,0,0,0
3927,4.7375,2,0.05,2,0,0,0
3928,9.2519,2,0.05,2,0,0,0
3929,42.3925,8,0.05,6,1,1,0
3930,18.2279,9,0.05,5,4,0,0
3931,35.5838,7,0.05,3,2,2,0
3932,12.0871,1,0.05,1,0,0,0
3933,3.0035,4,0.05,1,2,1,0
3934,19.5451,3,0.05,1,0,2,0
3935,19.0047,1,0.05,1,0,0,0
3936,2.9638,4,0.05,1,1,2,0
3937,11.4756,4,0.05,4,0,0,0
3938,3.5833,3,0.05,1,2,0,0
3939,8.6666,14,0.05,1,4,6,3
3940,2.7635,2,0.05,1,0,0,1
3941,2.2372,1,0.05,1,0,0,0
3942,13.1684,14,0.05,6,2,4,2
3943,4.7374,3,0.05,3,0,0,0
3944,6.9905,5,0.05,4,0,0,1
3945,15.2217,17,0.05,11,2,4,0
3946,1.0366,2,0.05,1,1,0,0
3947,2.2372,1,0.05,1,0,0,0
3948,4.7378,1,0.05,1,0,0,0
3949,2.8949,2,0.05,2,0,0,0
3950,25.385,5,0.05,2,1,1,1
3951,4.8208,2,0.05,1,0,0,1
3952,2.2135,4,0.05,0,0,1,3
3953,2.0471,3,0.05,2,0,0,1
3954,1.1208,2,0.05,1,0,1,0
3955,0.4709,1,0.05,1,0,0,0
3956,3.9481,1,0.05,1,0,0,0
3957,11.8878,6,0.05,1,4,0,1
3958,2.1055,1,0.05,1,0,0,0
3959,11.076,2,0.05,1,1,0,0
3960,3.1584,1,0.05,1,0,0,0
3961,7.8431,4,0.05,4,0,0,0
3962,1.8423,1,0.05,1,0,0,0
3963,4.9611,3,0.05,2,0,1,0
3964,0.1313,1,0.05,1,0,0,0
3965,18.2323,13,0.05,5,1,1,6
3966,2.6294,1,0.05,1,0,0,0
3967,2.0737,2,0.05,1,0,0,1
3968,0.4305,3,0.05,1,0,0,2
3969,10.5285,2,0.05,2,0,0,0
3970,10.3439,4,0.05,2,2,0,0
3971,4.5247,1,0.05,0,0,1,0
3972,1.0526,1,0.05,1,0,0,0
3973,65.5183,16,0.05,13,2,1,0
3974,3.125,9,0.05,5,2,2,0
3975,0.4209,1,0.05,1,0,0,0
3976,1.5791,1,0.05,1,0,0,0
3977,0.4709,1,0.05,1,0,0,0
3978,3.5241,2,0.05,2,0,0,0
3979,15.638,6,0.05,2,1,2,1
3980,0.1313,1,0.05,1,0,0,0
3981,7.8963,2,0.05,2,0,0,0
3982,2.2003,1,0.05,0,1,0,0
3983,7.8965,1,0.05,1,0,0,0
3984,1.05,1,0.05,1,0,0,0
3985,30.6574,12,0.05,7,2,1,2
3986,14.0687,3,0.05,3,0,0,0
3987,4.0795,2,0.05,2,0,0,0
3988,23.0048,4,0.05,3,0,0,1
3989,2.9332,5,0.05,2,1,2,0
3990,6.0423,5,0.05,2,3,0,0
3991,4.1753,3,0.05,0,3,0,0
3992,10.5262,1,0.05,1,0,0,0
3993,41.2269,8,0.05,7,0,1,0
3994,13.8034,1,0.05,1,0,0,0
3995,12.9018,7,0.05,7,0,0,0
3996,15.2505,4,0.05,2,1,1,0
3997,2.6294,1,0.05,1,0,0,0
3998,0.7694,2,0.05,1,1,0,0
3999,40.3499,7,0.05,1,6,0,0
4000,16.9248,9,0.05,0,9,0,0
4001,0.1623,1,0.05,0,1,0,0
4002,13.858,4,0.05,2,2,0,0
4003,0.4999,1,0.05,1,0,0,0
4004,1.05,1,0.05,1,0,0,0
4005,12.986,2,0.05,1,0,0,1
4006,26.2264,9,0.05,9,0,0,0
4007,1.974,1,0.05,1,0,0,0
4008,9.7365,1,0.05,1,0,0,0
4009,0.0002,1,0.05,1,0,0,0
4010,20.4494,7,0.05,2,3,2,0
4011,73.9577,25,0.05,5,18,1,1
4012,2.3688,1,0.05,1,0,0,0
4013,0.1051,1,0.05,1,0,0,0
4014,0.4262,1,0.05,0,0,1,0
4015,69.0894,31,0.05,18,6,1,6
4016,0.6052,1,0.05,1,0,0,0
4017,5.264,2,0.05,2,0,0,0
4018,0.5788,1,0.05,1,0,0,0
4019,0.5945,2,0.05,1,0,0,1
4020,1.2206,3,0.05,2,0,0,1
4021,8.4228,2,0.05,2,0,0,0
4022,0.0524,1,0.05,1,0,0,0
4023,12.64,6,0.05,3,2,0,1
4024,1.974,1,0.05,1,0,0,0
4025,3.9216,2,0.05,1,1,0,0
4026,17.9986,13,0.05,9,2,1,1
4027,6.2559,4,0.05,4,0,0,0
4028,1.7896,1,0.05,1,0,0,0
4029,2.6294,1,0.05,1,0,0,0
4030,0.2104,1,0.05,1,0,0,0
4031,6.5804,1,0.05,1,0,0,0
4032,66.1164,11,0.05,7,4,0,0
4033,9.5025,5,0.05,1,4,0,0
4034,0.875,1,0.05,0,1,0,0
4035,5.6852,2,0.05,2,0,0,0
4036,4.8431,1,0.05,0,0,0,1
4037,6.0539,1,0.05,1,0,0,0
4038,6.8433,2,0.05,2,0,0,0
4039,33.7415,6,0.05,5,1,0,0
4040,34.3762,5,0.05,5,0,0,0
4041,4.9989,7,0.05,3,1,2,1
4042,1.1287,2,0.05,1,1,0,0
4043,1.5791,1,0.05,1,0,0,0
4044,4.7378,1,0.05,1,0,0,0
4045,32.6395,2,0.05,2,0,0,0
4046,1.3159,1,0.05,1,0,0,0
4047,20.4551,7,0.05,4,1,0,2
4048,0.2634,3,0.05,1,0,0,2
4049,7.9489,2,0.05,1,0,0,1
4050,15.7722,1,0.05,1,0,0,0
4051,2.3688,1,0.05,1,0,0,0
4052,33.1769,9,0.05,4,4,1,0
4053,2.4316,3,0.05,0,2,1,0
4054,7.9061,11,0.05,1,6,2,2
4055,11.4446,11,0.05,9,1,0,1
4056,14.3892,5,0.05,5,0,0,0
4057,0.1355,1,0.05,1,0,0,0
4058,9.8698,4,0.05,4,0,0,0
4059,4.532,3,0.05,2,0,1,0
4060,4.7378,1,0.05,1,0,0,0
4061,11.4101,3,0.05,3,0,0,0
4062,0.4209,1,0.05,1,0,0,0
4063,3.1583,2,0.05,2,0,0,0
4064,0.7258,3,0.05,2,0,0,1
4065,1.2606,1,0.05,1,0,0,0
4066,1.3685,1,0.05,1,0,0,0
4067,8.6594,3,0.05,2,0,0,1
4068,3.3164,1,0.05,1,0,0,0
4069,0.8077,2,0.05,1,0,0,1
4070,6.1125,13,0.05,2,3,5,3
4071,17.6099,5,0.05,2,3,0,0
4072,14.4292,5,0.05,2,1,0,2
4073,0.3814,1,0.05,1,0,0,0
4074,21.8106,24,0.05,22,1,0,1
4075,12.1722,6,0.05,2,1,3,0
4076,7.4466,6,0.05,1,5,0,0
4077,0.925,1,0.05,0,1,0,0
4078,0.6946,2,0.05,0,2,0,0
4079,8.7018,2,0.05,0,2,0,0
4080,11.0942,3,0.05,2,0,1,0
4081,0.1313,1,0.05,1,0,0,0
4082,63.3044,6,0.05,5,0,1,0
4083,6.2116,2,0.05,2,0,0,0
4084,7.501,4,0.05,4,0,0,0
4085,2.2108,1,0.05,1,0,0,0
4086,15.3286,10,0.05,7,0,2,1
4087,12.6342,3,0.05,1,2,0,0
4088,295.1535,197,0.05,75,36,54,32
4089,0.5262,1,0.05,1,0,0,0
4090,7.1063,3,0.05,3,0,0,0
4091,1.5764,1,0.05,1,0,0,0
4092,8.423,1,0.05,1,0,0,0
4093,4.6851,1,0.05,1,0,0,0
4094,0.7287,2,0.05,1,0,0,1
4095,1.0024,2,0.05,1,0,0,1
4096,0.6578,1,0.05,1,0,0,0
4097,0.3721,3,0.05,1,0,1,1
4098,3.9481,1,0.05,1,0,0,0
4099,10.5262,1,0.05,1,0,0,0
4100,2.3688,1,0.05,1,0,0,0
4101,4.0334,2,0.05,1,0,1,0
4102,6.4033,4,0.05,3,0,1,0
4103,10.0523,10,0.05,1,8,1,0
4104,0.9748,2,0.05,1,1,0,0
4105,6.1558,4,0.05,1,2,1,0
4106,4.7323,2,0.05,1,0,1,0
4107,8.7645,4,0.05,2,1,1,0
4108,15.7722,1,0.05,1,0,0,0
4109,4.1658,4,0.05,1,3,0,0
4110,47.9328,10,0.05,1,3,6,0
4111,28.5012,4,0.05,1,0,2,1
4112,1.8461,2,0.05,1,0,1,0
4113,4.5428,2,0.05,2,0,0,0
4114,1.6844,1,0.05,1,0,0,0
4115,0.3419,1,0.05,1,0,0,0
4116,4.7777,5,0.05,1,2,0,2
4117,6.8074,4,0.05,2,1,0,1
4118,20.805,2,0.05,1,1,0,0
4119,12.0497,3,0.05,2,1,0,0
4120,22.8755,6,0.05,1,5,0,0
4121,1.6896,5,0.05,3,1,1,0
4122,2.3688,1,0.05,1,0,0,0
4123,0.1313,1,0.05,1,0,0,0
4124,8.0539,3,0.05,2,0,1,0
4125,8.0688,7,0.05,2,0,5,0
4126,3.9481,1,0.05,1,0,0,0
4127,9.6732,4,0.05,1,0,3,0
4128,20.8688,11,0.05,0,0,11,0
4129,0.263,1,0.05,1,0,0,0
4130,1.3836,4,0.05,2,0,2,0
4131,4.8349,2,0.05,1,1,0,0
4132,11.1333,5,0.05,5,0,0,0
4133,10.344,3,0.05,3,0,0,0
4134,13.8965,7,0.05,7,0,0,0
4135,0.3193,4,0.05,2,0,2,0
4136,0.1577,1,0.05,1,0,0,0
4137,31.6603,5,0.05,1,1,3,0
4138,8.6936,3,0.05,1,0,2,0
4139,3.237,3,0.05,2,0,1,0
4140,0.4855,2,0.05,1,1,0,0
4141,1.3683,2,0.05,2,0,0,0
4142,0.0758,2,0.05,1,1,0,0
4143,15.0034,2,0.05,2,0,0,0
4144,4.6981,2,0.05,2,0,0,0
4145,5.2617,1,0.05,1,0,0,0
4146,8.815,2,0.05,2,0,0,0
4147,0.1313,1,0.05,1,0,0,0
4148,3.3662,2,0.05,2,0,0,0
4149,7.8882,3,0.05,3,0,0,0
4150,6.7908,2,0.05,2,0,0,0
4151,3.6204,8,0.05,5,0,0,3
4152,5.5433,1,0.05,0,0,1,0
4153,0.4815,1,0.05,1,0,0,0
4154,2.3688,1,0.05,1,0,0,0
4155,1.9472,3,0.05,1,0,1,1
4156,0.1261,1,0.05,1,0,0,0
4157,0.9655,2,0.05,1,0,1,0
4158,23.4525,4,0.05,3,0,1,0
4159,10.9363,3,0.05,1,0,2,0
4160,0.1051,1,0.05,1,0,0,0
4161,59.1616,38,0.05,24,6,1,7
4162,51.9744,11,0.05,8,0,2,1
4163,3.2346,2,0.05,2,0,0,0
4164,39.3296,11,0.05,2,4,3,2
4165,1.3159,1,0.05,1,0,0,0
4166,9.7365,1,0.05,1,0,0,0
4167,5.7908,1,0.05,1,0,0,0
4168,3.8428,1,0.05,1,0,0,0
4169,0.2441,3,0.05,1,1,0,1
4170,0.263,1,0.05,1,0,0,0
4171,6.8433,2,0.05,2,0,0,0
4172,8.815,2,0.05,2,0,0,0
4173,0.1445,1,0.05,1,0,0,0
4174,1.3159,1,0.05,1,0,0,0
4175,0.7931,3,0.05,1,0,1,1
4176,1.9818,1,0.05,1,0,0,0
4177,4.922,2,0.05,0,0,1,1
4178,6.9489,1,0.05,1,0,0,0
4179,4.9021,2,0.05,1,1,0,0
4180,4.343,1,0.05,1,0,0,0
4181,2.2319,1,0.05,1,0,0,0
4182,8.6835,1,0.05,1,0,0,0
4183,7.1179,4,0.05,1,2,0,1
4184,0.3946,1,0.05,1,0,0,0
4185,13.2544,12,0.05,6,3,3,0
4186,0.0513,2,0.05,1,0,0,1
4187,5.5275,1,0.05,1,0,0,0
4188,3.2873,2,0.05,1,1,0,0
4189,46.5484,13,0.05,11,1,1,0
4190,1.8473,2,0.05,1,1,0,0
4191,0.3814,1,0.05,1,0,0,0
4192,8.2745,5,0.05,3,1,0,1
4193,41.3784,3,0.05,3,0,0,0
4194,29.2557,4,0.05,2,1,1,0
4195,2.3688,1,0.05,1,0,0,0
4196,0.2366,1,0.05,1,0,0,0
4197,14.8188,3,0.05,2,1,0,0
4198,23.4525,4,0.05,3,0,1,0
4199,0.1313,1,0.05,1,0,0,0
4200,4.881,6,0.05,4,0,2,0
4201,6.9931,3,0.05,1,0,2,0
4202,59.8444,39,0.05,3,26,9,1
4203,0.1577,1,0.05,1,0,0,0
4204,0.0524,1,0.05,1,0,0,0
4205,17.9153,12,0.05,6,4,2,0
4206,9.7911,4,0.05,3,0,0,1
4207,45.842,6,0.05,5,1,0,0
4208,6.8431,3,0.05,3,0,0,0
4209,6.8436,1,0.05,1,0,0,0
4210,33.9555,3,0.05,3,0,0,0
4211,0.4735,1,0.05,1,0,0,0
4212,6.9045,11,0.05,8,3,0,0
4213,0.5262,1,0.05,1,0,0,0
4214,35.1482,8,0.05,4,4,0,0
4215,22.4397,5,0.05,1,3,0,1
4216,4.9636,4,0.05,1,3,0,0
4217,18.4253,2,0.05,2,0,0,0
4218,50.5938,20,0.05,9,3,8,0
4219,12.2288,3,0.05,1,1,1,0
4220,10.8389,3,0.05,2,0,1,0
4221,1.1287,2,0.05,1,0,1,0
4222,6.7645,2,0.05,1,0,0,1
4223,2.5002,2,0.05,2,0,0,0
4224,5.2617,1,0.05,1,0,0,0
4225,3.1055,2,0.05,2,0,0,0
4226,46.6084,5,0.05,4,1,0,0
4227,2.8953,1,0.05,1,0,0,0
4228,29.5254,3,0.05,3,0,0,0
4229,0.4999,1,0.05,1,0,0,0
4230,3.9295,2,0.05,1,0,1,0
4231,1.8185,2,0.05,1,0,0,1
4232,6.3908,1,0.05,1,0,0,0
4233,1.2895,1,0.05,1,0,0,0
4234,3.4217,1,0.05,1,0,0,0
4235,4.9748,3,0.05,1,0,1,1
4236,8.0065,4,0.05,0,0,4,0
4237,7.2251,2,0.05,0,0,2,0
4238,0.4923,2,0.05,0,0,2,0
4239,2.9611,1,0.05,0,0,1,0
4240,9.4735,1,0.05,0,0,1,0
4241,8.6467,1,0.05,0,0,1,0
4242,8.078,2,0.05,0,0,2,0
4243,57.2056,43,0.05,0,34,8,1
4244,5.3801,11,0.05,5,2,4,0
4245,1.5002,1,0.05,0,1,0,0
4246,1.8423,1,0.05,1,0,0,0
4247,2.2319,1,0.05,1,0,0,0
4248,0.6578,1,0.05,1,0,0,0
4249,6.0416,3,0.05,1,2,0,0
4250,9.136,10,0.05,3,4,3,0
4251,4.5259,1,0.05,0,1,0,0
4252,2.0187,4,0.05,1,3,0,0
4253,2.6229,1,0.05,0,1,0,0
4254,13.7815,4,0.05,2,1,1,0
4255,26.0058,4,0.05,1,2,1,0
4256,27.3741,7,0.05,1,4,2,0
4257,4.129,1,0.05,0,0,1,0
4258,10.9356,6,0.05,2,0,3,1
4259,19.3435,4,0.05,4,0,0,0
4260,0.8204,3,0.05,1,0,0,2
4261,1.5788,2,0.05,2,0,0,0
4262,0.1972,1,0.05,1,0,0,0
4263,30.1842,6,0.05,5,1,0,0
4264,4.1666,1,0.05,1,0,0,0
4265,9.2126,1,0.05,1,0,0,0
4266,0.3156,1,0.05,1,0,0,0
4267,16.8408,2,0.05,2,0,0,0
4268,3.632,2,0.05,2,0,0,0
4269,5.2971,6,0.05,5,0,1,0
4270,0.2683,1,0.05,1,0,0,0
4271,14.5559,14,0.05,4,3,7,0
4272,21.0122,5,0.05,4,1,0,0
4273,0.2893,1,0.05,1,0,0,0
4274,1.7733,4,0.05,3,1,0,0
4275,19.473,2,0.05,2,0,0,0
4276,1.5791,1,0.05,1,0,0,0
4277,1.3773,3,0.05,2,1,0,0
4278,27.7695,3,0.05,3,0,0,0
4279,1.5791,1,0.05,1,0,0,0
4280,92.1282,5,0.05,5,0,0,0
4281,18.7379,5,0.05,5,0,0,0
4282,13.8034,1,0.05,1,0,0,0
4283,3.5326,5,0.05,4,1,0,0
4284,0.7944,2,0.05,1,1,0,0
4285,17.6354,3,0.05,3,0,0,0
4286,0.1524,1,0.05,1,0,0,0
4287,1.5517,10,0.05,6,1,3,0
4288,0.2104,1,0.05,1,0,0,0
4289,81.5541,54,0.05,5,38,0,11
4290,0.7997,2,0.05,0,2,0,0
4291,16.2003,6,0.05,1,5,0,0
4292,24.5839,6,0.05,4,2,0,0
4293,1.5791,1,0.05,1,0,0,0
4294,0.4999,1,0.05,1,0,0,0
4295,4.343,1,0.05,1,0,0,0
4296,3.4217,1,0.05,1,0,0,0
4297,16.2053,10,0.05,5,0,2,3
4298,9.3703,2,0.05,2,0,0,0
4299,1.6202,1,0.05,0,1,0,0
4300,3.5507,1,0.05,0,1,0,0
4301,19.8893,13,0.05,2,6,4,1
4302,3.6925,3,0.05,1,2,0,0
4303,1.3123,2,0.05,0,2,0,0
4304,1.4638,4,0.05,2,2,0,0
4305,0.5971,3,0.05,1,0,2,0
4306,0.1577,1,0.05,1,0,0,0
4307,6.6137,4,0.05,3,0,1,0
4308,1.5791,1,0.05,1,0,0,0
4309,1.1248,2,0.05,1,1,0,0
4310,5.0011,1,0.05,0,1,0,0
4311,1.5026,3,0.05,0,0,2,1
4312,6.1593,1,0.05,0,0,1,0
4313,1.5002,1,0.05,0,1,0,0
4314,19.4734,2,0.05,0,1,1,0
4315,1.3815,2,0.05,0,1,0,1
4316,1.3376,1,0.05,0,1,0,0
4317,2.2503,1,0.05,0,1,0,0
4318,0.3623,1,0.05,0,1,0,0
4319,1.5009,5,0.05,0,4,1,0
4320,2.0003,1,0.05,0,1,0,0
4321,15.6285,2,0.05,0,2,0,0
4322,1.4877,1,0.05,0,1,0,0
4323,24.522,16,0.05,2,2,2,10
4324,4.726,1,0.05,0,1,0,0
4325,3.6834,2,0.05,1,1,0,0
4326,2.708,3,0.05,0,1,2,0
4327,2.6772,4,0.05,0,1,3,0
4328,8.3967,33,0.05,9,4,19,1
4329,0.6997,2,0.05,0,2,0,0
4330,0.9094,3,0.05,0,3,0,0
4331,7.1727,7,0.05,0,7,0,0
4332,1.6252,1,0.05,0,1,0,0
4333,27.3287,4,0.05,0,4,0,0
4334,3.7224,4,0.05,0,3,1,0
4335,3.7505,2,0.05,0,2,0,0
4336,18.7484,13,0.05,0,7,6,0
4337,62.3683,32,0.05,17,1,14,0
4338,3.9278,3,0.05,2,1,0,0
4339,4.343,1,0.05,1,0,0,0
4340,0.5523,2,0.05,2,0,0,0
4341,1.1968,4,0.05,2,2,0,0
4342,23.8062,6,0.05,1,3,2,0
4343,3.4257,1,0.05,0,1,0,0
4344,0.9907,3,0.05,0,0,1,2
4345,0.3075,7,0.05,2,0,2,3
4346,0.3567,4,0.05,0,0,3,1
4347,15.1091,10,0.05,1,4,5,0
4348,2.1846,1,0.05,1,0,0,0
4349,5.2643,1,0.05,1,0,0,0
4350,4.2954,2,0.05,1,0,1,0
4351,7.1179,4,0.05,2,2,0,0
4352,2.0845,1,0.05,0,0,1,0
4353,0.1235,1,0.05,1,0,0,0
4354,0.263,1,0.05,1,0,0,0
4355,8.4149,4,0.05,3,0,0,1
4356,1.8423,1,0.05,1,0,0,0
4357,1.6781,5,0.05,5,0,0,0
4358,13.0298,10,0.05,7,0,0,3
4359,10.0811,12,0.05,6,4,1,1
4360,5.5559,3,0.05,3,0,0,0
4361,26.6445,18,0.05,10,4,4,0
4362,13.242,4,0.05,0,0,4,0
4363,5.0609,9,0.05,0,1,7,1
4364,5.0932,1,0.05,0,0,1,0
4365,15.493,2,0.05,0,0,2,0
4366,0.8498,2,0.05,0,0,1,1
4367,1.737,1,0.05,1,0,0,0
4368,8.7648,2,0.05,2,0,0,0
4369,2.2372,1,0.05,1,0,0,0
4370,1.9396,2,0.05,0,1,0,1
4371,0.2893,1,0.05,1,0,0,0
4372,18.4645,4,0.05,2,0,1,1
4373,0.5788,1,0.05,1,0,0,0
4374,17.3794,6,0.05,3,2,1,0
4375,10.0024,1,0.05,1,0,0,0
4376,0.6578,1,0.05,1,0,0,0
4377,27.3746,4,0.05,4,0,0,0
4378,17.3368,5,0.05,0,3,2,0
4379,3.7189,2,0.05,0,0,2,0
4380,30.3618,3,0.05,1,2,0,0
4381,1.7107,1,0.05,1,0,0,0
4382,0.9734,2,0.05,2,0,0,0
4383,4.5536,1,0.05,1,0,0,0
4384,11.5814,2,0.05,2,0,0,0
4385,0.3419,1,0.05,1,0,0,0
4386,0.9737,1,0.05,1,0,0,0
4387,0.4209,1,0.05,1,0,0,0
4388,2.3161,1,0.05,1,0,0,0
4389,2.8949,2,0.05,2,0,0,0
4390,9.1335,2,0.05,2,0,0,0
4391,3.067,5,0.05,4,0,0,1
4392,12.9067,4,0.05,2,0,0,2
4393,12.3186,2,0.05,1,0,0,1
4394,4.2114,1,0.05,1,0,0,0
4395,6.8436,1,0.05,1,0,0,0
4396,20.9903,9,0.05,1,1,0,7
4397,16.1092,1,0.05,0,0,1,0
4398,0.4214,1,0.05,0,0,1,0
4399,0.6868,1,0.05,0,0,1,0
4400,4.2166,1,0.05,0,0,1,0
4401,0.849,2,0.05,0,1,1,0
4402,9.7007,2,0.05,0,0,2,0
4403,30.8967,14,0.05,7,0,6,1
4404,0.6841,1,0.05,1,0,0,0
4405,31.1913,4,0.05,3,1,0,0
4406,0.6709,1,0.05,1,0,0,0
4407,11.7128,3,0.05,3,0,0,0
4408,10.3596,4,0.05,4,0,0,0
4409,16.632,5,0.05,5,0,0,0
4410,8.423,1,0.05,1,0,0,0
4411,15.0082,4,0.05,3,0,0,1
4412,61.0809,37,0.05,8,15,12,2
4413,0.4249,1,0.05,0,1,0,0
4414,15.682,6,0.05,2,3,1,0
4415,0.3367,1,0.05,0,0,0,1
4416,1.8521,4,0.05,3,1,0,0
4417,13.931,7,0.05,3,4,0,0
4418,7.628,2,0.05,1,1,0,0
4419,6.0539,1,0.05,1,0,0,0
4420,3.1584,1,0.05,1,0,0,0
4421,0.6578,1,0.05,1,0,0,0
4422,38.1374,13,0.05,9,4,0,0
4423,2.3688,1,0.05,1,0,0,0
4424,10.7221,3,0.05,2,0,0,1
4425,0.4125,3,0.05,2,0,1,0
4426,20.3122,4,0.05,3,0,1,0
4427,2.337,2,0.05,1,0,1,0
4428,5.5275,1,0.05,1,0,0,0
4429,3.7899,2,0.05,2,0,0,0
4430,24.3229,8,0.05,1,0,6,1
4431,12.6607,2,0.05,2,0,0,0
4432,1.5021,3,0.05,1,1,1,0
4433,0.9868,1,0.05,1,0,0,0
4434,6.0485,2,0.05,1,0,0,1
4435,0.6208,2,0.05,1,0,0,1
4436,4.1871,3,0.05,1,2,0,0
4437,4.5796,2,0.05,2,0,0,0
4438,22.607,6,0.05,5,0,1,0
4439,13.3028,3,0.05,1,0,1,1
4440,2.7636,1,0.05,1,0,0,0
4441,0.1393,1,0.05,1,0,0,0
4442,4.2109,3,0.05,3,0,0,0
4443,129.4323,21,0.05,4,13,3,1
4444,29.6207,10,0.05,1,9,0,0
4445,10.3772,2,0.05,1,1,0,0
4446,11.3576,2,0.05,1,1,0,0
4447,9.4756,2,0.05,2,0,0,0
4448,3.2793,2,0.05,2,0,0,0
4449,26.4527,5,0.05,5,0,0,0
4450,4.0787,11,0.05,4,4,2,1
4451,20.0615,6,0.05,3,3,0,0
4452,0.4781,6,0.05,2,3,0,1
4453,30.7695,13,0.05,5,6,2,0
4454,4.3822,2,0.05,2,0,0,0
4455,24.9438,9,0.05,2,3,3,1
4456,7.5017,1,0.05,0,1,0,0
4457,1.875,2,0.05,0,2,0,0
4458,2.2951,2,0.05,0,2,0,0
4459,7.5405,4,0.05,0,3,1,0
4460,45.5371,35,0.05,11,5,14,5
4461,9.2497,1,0.05,0,1,0,0
4462,1.7296,3,0.05,0,3,0,0
4463,16.2072,11,0.05,2,4,4,1
4464,43.8259,5,0.05,4,0,0,1
4465,9.1287,4,0.05,2,1,0,1
4466,8.5279,3,0.05,0,0,3,0
4467,2.3688,1,0.05,0,0,1,0
4468,13.2204,6,0.05,1,1,2,2
4469,0.6668,2,0.05,1,1,0,0
4470,8.0671,3,0.05,1,0,2,0
4471,30.9758,9,0.05,1,6,1,1
4472,2.3161,1,0.05,1,0,0,0
4473,1.6621,3,0.05,1,1,0,1
4474,1.1369,1,0.05,0,0,1,0
4475,1.4923,1,0.05,0,0,1,0
4476,2.7424,2,0.05,0,0,1,1
4477,8.5869,4,0.05,1,1,2,0
4478,1.4628,3,0.05,0,1,2,0
4479,0.4973,1,0.05,0,0,1,0
4480,6.8697,2,0.05,0,0,2,0
4481,10.8144,3,0.05,0,0,3,0
4482,42.6843,7,0.05,2,0,4,1
4483,10.5829,5,0.05,2,1,2,0
4484,14.4338,6,0.05,2,3,1,0
4485,3.0005,1,0.05,0,1,0,0
4486,35.1974,5,0.05,0,4,1,0
4487,12.7655,6,0.05,1,4,1,0
4488,7.4926,3,0.05,1,2,0,0
4489,1.0337,3,0.05,2,0,1,0
4490,15.6349,3,0.05,1,2,0,0
4491,0.3946,1,0.05,1,0,0,0
4492,1.0366,2,0.05,1,0,1,0
4493,2.4475,2,0.05,2,0,0,0
4494,0.1798,3,0.05,2,0,1,0
4495,1.3785,3,0.05,1,1,0,1
4496,0.3924,1,0.05,0,1,0,0
4497,0.1051,1,0.05,1,0,0,0
4498,6.0543,4,0.05,1,0,3,0
4499,0.6839,3,0.05,1,0,0,2
4500,7.8965,1,0.05,1,0,0,0
4501,145.8122,4,0.05,1,1,2,0
4502,0.1206,1,0.05,0,0,1,0
4503,0.1656,1,0.05,0,0,1,0
4504,12.7118,9,0.05,2,1,6,0
4505,266.8966,105,0.05,40,28,22,15
4506,2.9344,2,0.05,1,1,0,0
4507,0.3656,1,0.05,1,0,0,0
4508,9.4207,5,0.05,2,2,1,0
4509,8.0433,2,0.05,1,1,0,0
4510,0.1181,1,0.05,1,0,0,0
4511,18.176,4,0.05,2,2,0,0
4512,1.4212,1,0.05,1,0,0,0
4513,33.3561,18,0.05,7,2,9,0
4514,16.0561,3,0.05,3,0,0,0
4515,21.1465,4,0.05,2,0,2,0
4516,14.5052,6,0.05,5,0,1,0
4517,2.1056,1,0.05,0,0,0,1
4518,0.9207,2,0.05,2,0,0,0
4519,12.7393,4,0.05,4,0,0,0
4520,7.7619,5,0.05,3,2,0,0
4521,5.2617,1,0.05,1,0,0,0
4522,5.241,2,0.05,1,1,0,0
4523,14.4207,5,0.05,3,2,0,0
4524,0.6652,3,0.05,2,0,0,1
4525,10.647,2,0.05,2,0,0,0
4526,5.9196,2,0.05,1,1,0,0
4527,0.6736,1,0.05,1,0,0,0
4528,10.5243,3,0.05,2,1,0,0
4529,28.5987,19,0.05,15,1,2,1
4530,2.7632,3,0.05,2,0,1,0
4531,4.7378,1,0.05,1,0,0,0
4532,3.2027,3,0.05,2,0,1,0
4533,0.476,2,0.05,1,0,1,0
4534,3.1059,1,0.05,1,0,0,0
4535,1.542,2,0.05,1,0,1,0
4536,14.4468,7,0.05,3,0,4,0
4537,1.974,1,0.05,1,0,0,0
4538,1.0526,1,0.05,1,0,0,0
4539,1.3133,1,0.05,1,0,0,0
4540,12.1992,5,0.05,4,0,0,1
4541,0.3287,1,0.05,1,0,0,0
4542,9.4703,2,0.05,2,0,0,0
4543,42.2253,6,0.05,6,0,0,0
4544,0.5304,2,0.05,1,1,0,0
4545,6.3696,2,0.05,1,0,0,1
4546,1.4475,1,0.05,1,0,0,0
4547,1.1816,1,0.05,1,0,0,0
4548,25.3891,7,0.05,6,1,0,0
4549,7.5467,4,0.05,1,1,0,2
4550,8.2114,5,0.05,4,0,1,0
4551,125.5141,53,0.05,14,17,21,1
4552,3.7187,6,0.05,2,1,1,2
4553,17.6354,6,0.05,2,3,0,1
4554,14.7819,4,0.05,2,2,0,0
4555,1.7393,3,0.05,1,1,1,0
4556,8.317,4,0.05,2,0,2,0
4557,2.6647,2,0.05,1,1,0,0
4558,11.0547,3,0.05,3,0,0,0
4559,5.9223,1,0.05,1,0,0,0
4560,0.5262,1,0.05,1,0,0,0
4561,30.3587,8,0.05,4,0,4,0
4562,1.3915,4,0.05,1,1,1,1
4563,4.1901,2,0.05,1,0,1,0
4564,5.889,3,0.05,1,1,1,0
4565,1.1683,2,0.05,1,0,0,1
4566,3.1796,10,0.05,5,3,0,2
4567,5.7904,2,0.05,2,0,0,0
4568,9.877,11,0.05,5,5,1,0
4569,0.4867,1,0.05,1,0,0,0
4570,1.3159,1,0.05,1,0,0,0
4571,1.3159,1,0.05,1,0,0,0
4572,0.1051,1,0.05,1,0,0,0
4573,1.5791,1,0.05,1,0,0,0
4574,2.3559,6,0.05,3,1,0,2
4575,11.2253,5,0.05,3,1,1,0
4576,2.8365,4,0.05,1,3,0,0
4577,12.3229,7,0.05,1,5,1,0
4578,3.8054,4,0.05,1,0,1,2
4579,0.8334,5,0.05,3,0,0,2
4580,2.1319,1,0.05,0,0,1,0
4581,5.9845,5,0.05,2,1,0,2
4582,2.7081,3,0.05,1,1,0,1
4583,1.4826,3,0.05,0,1,1,1
4584,1.5791,1,0.05,1,0,0,0
4585,58.0609,7,0.05,3,3,1,0
4586,3.5533,1,0.05,0,0,1,0
4587,26.2659,23,0.05,2,17,3,1
4588,15.4098,10,0.05,6,4,0,0
4589,10.1018,3,0.05,3,0,0,0
4590,0.1313,1,0.05,1,0,0,0
4591,0.3845,2,0.05,1,1,0,0
4592,13.4765,3,0.05,2,0,1,0
4593,3.6322,1,0.05,1,0,0,0
4594,8.0644,4,0.05,3,0,1,0
4595,8.8007,6,0.05,4,0,2,0
4596,11.1602,3,0.05,1,0,2,0
4597,7.0075,4,0.05,3,0,1,0
4598,9.6022,6,0.05,2,2,2,0
4599,19.5629,10,0.05,0,6,4,0
4600,11.7209,8,0.05,3,0,5,0
4601,10.6334,4,0.05,2,0,2,0
4602,17.2084,5,0.05,2,0,3,0
4603,1.0527,1,0.05,0,0,0,1
4604,0.1751,2,0.05,1,0,1,0
4605,4.5878,1,0.05,1,0,0,0
4606,1.2632,1,0.05,1,0,0,0
4607,2.8953,1,0.05,1,0,0,0
4608,10.1697,5,0.05,3,1,1,0
4609,8.2613,5,0.05,5,0,0,0
4610,3.9479,2,0.05,2,0,0,0
4611,10.0356,11,0.05,1,8,1,1
4612,30.857,7,0.05,0,2,5,0
4613,0.3788,1,0.05,0,0,1,0
4614,1.4212,1,0.05,0,0,1,0
4615,9.4757,2,0.05,0,0,2,0
4616,2.43,4,0.05,1,2,1,0
4617,12.5552,3,0.05,0,0,3,0
4618,137.9917,71,0.05,25,20,5,21
4619,13.9768,2,0.05,2,0,0,0
4620,14.6252,4,0.05,0,1,3,0
4621,23.3009,6,0.05,0,5,1,0
4622,14.3319,3,0.05,0,0,3,0
4623,8.7629,1,0.05,0,0,1,0
4624,54.2089,12,0.05,0,1,11,0
4625,2.8894,3,0.05,1,0,2,0
4626,0.0234,1,0.05,0,0,1,0
4627,9.0545,2,0.05,1,0,0,1
4628,1.0526,1,0.05,1,0,0,0
4629,8.0618,2,0.05,1,0,0,1
4630,13.45,3,0.05,3,0,0,0
4631,14.0918,3,0.05,1,0,2,0
4632,26.6588,16,0.05,5,4,5,2
4633,3.0793,2,0.05,1,1,0,0
4634,180.9276,125,0.05,53,41,20,11
4635,11.5983,12,0.05,1,11,0,0
4636,52.9075,12,0.05,0,8,0,4
4637,54.3427,6,0.05,0,5,0,1
4638,55.7743,27,0.05,7,2,13,5
4639,25.8447,7,0.05,0,0,7,0
4640,1.516,1,0.05,0,0,1,0
4641,13.871,4,0.05,1,0,3,0
4642,0.3178,2,0.05,0,0,1,1
4643,4.4057,3,0.05,1,0,2,0
4644,1.4475,1,0.05,1,0,0,0
4645,0.2575,2,0.05,1,0,0,1
4646,0.3814,1,0.05,1,0,0,0
4647,0.0234,1,0.05,1,0,0,0
4648,1.3153,1,0.05,1,0,0,0
4649,9.1461,4,0.05,1,0,2,1
4650,2.7251,13,0.05,4,3,4,2
4651,322.5404,290,0.05,174,69,40,7
4652,0.4749,1,0.05,0,1,0,0
4653,1.6577,1,0.05,0,1,0,0
4654,8.9292,3,0.05,2,1,0,0
4655,0.3628,2,0.05,0,1,1,0
4656,19.1887,2,0.05,0,0,2,0
4657,2.1558,5,0.05,1,3,1,0
4658,1.0658,1,0.05,0,0,1,0
4659,66.8291,25,0.05,12,7,5,1
4660,123.8941,16,0.05,1,15,0,0
4661,27.0909,7,0.05,1,4,2,0
4662,13.4103,4,0.05,2,1,1,0
4663,1.7528,1,0.05,0,0,1,0
4664,4.5009,1,0.05,0,0,1,0
4665,3.3952,2,0.05,1,0,1,0
4666,10.4651,5,0.05,4,0,1,0
4667,7.2304,2,0.05,0,1,1,0
4668,8.482,2,0.05,0,1,1,0
4669,9.4601,2,0.05,1,1,0,0
4670,4.5259,1,0.05,0,1,0,0
4671,7.3561,5,0.05,1,1,3,0
4672,10.8973,1,0.05,0,0,1,0
4673,5.4485,1,0.05,0,0,1,0
4674,43.8714,22,0.05,11,0,11,0
4675,5.2111,3,0.05,1,0,2,0
4676,15.2928,3,0.05,0,0,2,1
4677,91.2512,10,0.05,6,3,1,0
4678,1.2315,2,0.05,0,0,2,0
4679,3.2506,1,0.05,0,1,0,0
4680,13.1529,2,0.05,1,0,1,0
4681,0.0448,1,0.05,0,0,1,0
4682,24.7481,3,0.05,1,1,1,0
4683,2.0341,3,0.05,1,0,2,0
4684,4.0982,1,0.05,0,0,1,0
4685,17.39,4,0.05,0,0,3,1
4686,2.3959,3,0.05,1,1,0,1
4687,13.7928,1,0.05,1,0,0,0
4688,1.3159,1,0.05,1,0,0,0
4689,1.5791,1,0.05,1,0,0,0
4690,4.3427,2,0.05,2,0,0,0
4691,32.6469,10,0.05,5,5,0,0
4692,20.3273,7,0.05,0,6,0,1
4693,10.7024,2,0.05,0,2,0,0
4694,0.0698,1,0.05,0,1,0,0
4695,0.2998,1,0.05,0,1,0,0
4696,4.8761,1,0.05,0,1,0,0
4697,1.225,1,0.05,0,1,0,0
4698,57.9203,10,0.05,0,9,1,0
4699,0.8421,1,0.05,1,0,0,0
4700,1.5794,2,0.05,2,0,0,0
4701,7.3488,2,0.05,1,0,1,0
4702,8.4204,1,0.05,1,0,0,0
4703,17.7933,3,0.05,3,0,0,0
4704,6.9381,6,0.05,4,2,0,0
4705,0.4039,2,0.05,1,0,1,0
4706,5.7833,4,0.05,2,2,0,0
4707,29.0857,3,0.05,3,0,0,0
4708,12.9103,9,0.05,3,1,1,4
4709,4.4383,4,0.05,0,1,1,2
4710,6.6331,1,0.05,0,0,1,0
4711,16.2822,4,0.05,0,1,1,2
4712,4.4411,3,0.05,0,1,0,2
4713,2.3688,1,0.05,1,0,0,0
4714,0.2033,5,0.05,2,0,0,3
4715,34.6314,6,0.05,1,4,1,0
4716,71.0234,6,0.05,2,4,0,0
4717,21.0048,3,0.05,0,3,0,0
4718,13.378,2,0.05,0,2,0,0
4719,2.7505,1,0.05,0,1,0,0
4720,18.9862,2,0.05,1,1,0,0
4721,3.7507,1,0.05,0,1,0,0
4722,12.8312,4,0.05,1,2,0,1
4723,1.175,1,0.05,0,1,0,0
4724,0.1498,1,0.05,0,1,0,0
4725,0.1498,1,0.05,0,1,0,0
4726,0.4167,1,0.05,0,0,1,0
4727,1.5002,1,0.05,0,1,0,0
4728,21.5374,9,0.05,6,3,0,0
4729,7.1724,2,0.05,1,1,0,0
4730,34.8434,5,0.05,3,2,0,0
4731,4.8695,1,0.05,1,0,0,0
4732,15.5107,10,0.05,5,4,1,0
4733,12.4038,3,0.05,1,2,0,0
4734,0.6499,1,0.05,0,1,0,0
4735,28.5894,2,0.05,0,2,0,0
4736,0.725,1,0.05,0,1,0,0
4737,6.8611,2,0.05,0,1,0,1
4738,84.5712,13,0.05,1,9,2,1
4739,3.0005,1,0.05,0,1,0,0
4740,20.0632,5,0.05,0,3,2,0
4741,8.423,1,0.05,1,0,0,0
4742,4.6851,1,0.05,1,0,0,0
4743,18.1475,5,0.05,2,1,2,0
4744,1.4212,1,0.05,1,0,0,0
4745,97.4113,16,0.05,4,5,6,1
4746,0.1577,1,0.05,1,0,0,0
4747,14.0503,26,0.05,20,1,3,2
4748,0.7105,1,0.05,1,0,0,0
4749,0.7894,1,0.05,1,0,0,0
4750,0.0787,1,0.05,1,0,0,0
4751,4.2114,1,0.05,1,0,0,0
4752,0.5868,1,0.05,1,0,0,0
4753,12.4577,4,0.05,1,0,3,0
4754,27.0303,9,0.05,2,3,3,1
4755,8.6395,6,0.05,0,2,4,0
4756,1.6581,1,0.05,1,0,0,0
4757,49.1166,5,0.05,2,2,1,0
4758,4.5533,2,0.05,1,0,1,0
4759,8.8304,3,0.05,1,0,2,0
4760,275.122,162,0.05,70,40,16,36
4761,7.1063,3,0.05,3,0,0,0
4762,3.4588,3,0.05,1,2,0,0
4763,46.9365,8,0.05,4,0,3,1
4764,17.7218,7,0.05,1,4,1,1
4765,9.4613,7,0.05,3,0,3,1
4766,1.3133,1,0.05,1,0,0,0
4767,21.4724,7,0.05,5,0,2,0
4768,6.6276,4,0.05,3,1,0,0
4769,5.7308,4,0.05,1,3,0,0
4770,0.0787,1,0.05,1,0,0,0
4771,212.7229,113,0.05,37,11,51,14
4772,1.9551,3,0.05,1,1,1,0
4773,14.4767,3,0.05,3,0,0,0
4774,748.0794,532,0.05,146,244,97,45
4775,9.1726,3,0.05,2,0,1,0
4776,0.3682,1,0.05,1,0,0,0
4777,17.8991,1,0.05,1,0,0,0
4778,20.6955,14,0.05,1,2,11,0
4779,23.9051,5,0.05,2,1,2,0
4780,1.2205,3,0.05,1,1,1,0
4781,0.3682,1,0.05,1,0,0,0
4782,0.0524,1,0.05,1,0,0,0
4783,20.5469,13,0.05,5,2,4,2
4784,28.325,9,0.05,3,2,2,2
4785,1.6579,2,0.05,1,0,0,1
4786,0.4784,3,0.05,1,0,0,2
4787,2.3688,1,0.05,1,0,0,0
4788,0.6103,2,0.05,1,0,0,1
4789,44.8888,8,0.05,3,0,5,0
4790,24.6494,8,0.05,1,0,7,0
4791,12.7394,3,0.05,1,0,2,0
4792,9.8705,2,0.05,1,0,1,0
4793,8.1177,6,0.05,1,1,4,0
4794,1.1316,1,0.05,1,0,0,0
4795,0.7132,3,0.05,0,2,1,0
4796,4.8329,4,0.05,2,0,1,1
4797,6.5121,6,0.05,2,0,4,0
4798,182.3268,61,0.05,44,7,6,4
4799,53.4936,6,0.05,1,1,4,0
4800,5.1327,1,0.05,1,0,0,0
4801,6.1856,1,0.05,1,0,0,0
4802,16.6112,4,0.05,1,1,2,0
4803,1.5791,1,0.05,1,0,0,0
4804,4.7378,1,0.05,1,0,0,0
4805,4.1346,3,0.05,1,1,1,0
4806,1.5791,1,0.05,1,0,0,0
4807,2.691,2,0.05,1,1,0,0
4808,19.473,2,0.05,2,0,0,0
4809,0.1955,4,0.05,3,1,0,0
4810,0.5262,1,0.05,1,0,0,0
4811,7.8965,1,0.05,1,0,0,0
4812,2.5003,1,0.05,1,0,0,0
4813,5.198,3,0.05,2,0,1,0
4814,3.9481,1,0.05,1,0,0,0
4815,3.6849,1,0.05,1,0,0,0
4816,2.3159,2,0.05,1,1,0,0
4817,16.2139,4,0.05,1,0,3,0
4818,10.6799,2,0.05,1,0,1,0
4819,4.861,4,0.05,1,1,2,0
4820,0.5788,1,0.05,1,0,0,0
4821,2.0687,3,0.05,1,0,2,0
4822,1.3422,1,0.05,1,0,0,0
4823,7.9386,8,0.05,2,1,3,2
4824,15.8327,12,0.05,2,5,4,1
4825,20.8336,8,0.05,2,1,5,0
4826,13.1091,4,0.05,1,2,1,0
4827,7.508,4,0.05,1,1,2,0
4828,1.4072,4,0.05,2,0,2,0
4829,0.4837,3,0.05,1,0,1,1
4830,3.9481,1,0.05,1,0,0,0
4831,1.6977,5,0.05,1,0,4,0
4832,1.5791,1,0.05,1,0,0,0
4833,13.8034,1,0.05,1,0,0,0
4834,8.2903,5,0.05,2,0,1,2
4835,3.2454,1,0.05,0,0,1,0
4836,19.4342,11,0.05,6,0,4,1
4837,1.6581,1,0.05,0,0,1,0
4838,0.1301,1,0.05,0,0,1,0
4839,6.3852,3,0.05,0,0,2,1
4840,4.9722,2,0.05,0,0,2,0
4841,0.9669,2,0.05,0,1,1,0
4842,6.0748,3,0.05,1,0,2,0
4843,24.2291,4,0.05,1,1,2,0
4844,1.3159,1,0.05,1,0,0,0
4845,3.3164,1,0.05,1,0,0,0
4846,0.2756,2,0.05,1,1,0,0
4847,1.1842,1,0.05,1,0,0,0
4848,4.0532,2,0.05,2,0,0,0
4849,4.4746,1,0.05,1,0,0,0
4850,12.6887,6,0.05,6,0,0,0
4851,1.2103,2,0.05,2,0,0,0
4852,1.566,1,0.05,1,0,0,0
4853,2.4185,2,0.05,2,0,0,0
4854,54.7497,6,0.05,6,0,0,0
4855,2.1579,2,0.05,2,0,0,0
4856,3.1304,3,0.05,0,2,1,0
4857,14.8558,3,0.05,3,0,0,0
4858,0.0761,1,0.05,1,0,0,0
4859,16.3013,1,0.05,1,0,0,0
4860,4.6618,5,0.05,2,2,0,1
4861,4.685,2,0.05,2,0,0,0
4862,10.3028,4,0.05,2,0,0,2
4863,0.9211,1,0.05,1,0,0,0
4864,0.263,1,0.05,1,0,0,0
4865,1.3682,2,0.05,2,0,0,0
4866,7.3172,2,0.05,1,0,1,0
4867,3.9744,1,0.05,1,0,0,0
4868,2.647,4,0.05,2,0,0,2
4869,1.895,1,0.05,0,0,1,0
4870,4.169,2,0.05,0,0,2,0
4871,18.5904,3,0.05,1,0,2,0
4872,9.3491,3,0.05,1,0,1,1
4873,20.6217,9,0.05,7,0,2,0
4874,2.8953,1,0.05,1,0,0,0
4875,25.5996,7,0.05,4,2,1,0
4876,7.1069,1,0.05,1,0,0,0
4877,3.0268,1,0.05,1,0,0,0
4878,2.7445,4,0.05,1,1,1,1
4879,0.6315,1,0.05,1,0,0,0
4880,85.5987,10,0.05,2,2,6,0
4881,6.2915,9,0.05,4,2,1,2
4882,0.7105,1,0.05,1,0,0,0
4883,0.4735,1,0.05,1,0,0,0
4884,9.6221,5,0.05,1,1,3,0
4885,1.1842,1,0.05,1,0,0,0
4886,1.4475,1,0.05,1,0,0,0
4887,5.1693,2,0.05,1,0,1,0
4888,13.5391,5,0.05,2,0,1,2
4889,9.6075,1,0.05,1,0,0,0
4890,0.6315,1,0.05,1,0,0,0
4891,2.6294,1,0.05,1,0,0,0
4892,6.1324,3,0.05,2,1,0,0
4893,0.4604,1,0.05,1,0,0,0
4894,0.2976,4,0.05,1,0,1,2
4895,5.001,1,0.05,1,0,0,0
4896,24.1771,12,0.05,6,2,1,3
4897,3.8554,3,0.05,2,0,1,0
4898,8.0444,9,0.05,7,2,0,0
4899,0.2366,1,0.05,1,0,0,0
4900,1.6318,1,0.05,1,0,0,0
4901,5.9522,6,0.05,3,3,0,0
4902,13.6908,9,0.05,5,1,3,0
4903,0.3682,1,0.05,1,0,0,0
4904,4.5009,1,0.05,0,1,0,0
4905,50.7827,5,0.05,3,2,0,0
4906,19.8087,12,0.05,0,9,3,0
4907,7.3701,1,0.05,0,0,0,1
4908,32.377,3,0.05,2,1,0,0
4909,0.4718,3,0.05,0,2,1,0
4910,1.8099,4,0.05,2,1,1,0
4911,0.7894,1,0.05,1,0,0,0
4912,0.3682,1,0.05,1,0,0,0
4913,9.0808,2,0.05,1,0,1,0
4914,2.1712,2,0.05,1,0,1,0
4915,5.7908,1,0.05,1,0,0,0
4916,7.8965,1,0.05,1,0,0,0
4917,5.6326,2,0.05,2,0,0,0
4918,4.7378,1,0.05,1,0,0,0
4919,0.8682,2,0.05,1,0,0,1
4920,20.2465,3,0.05,3,0,0,0
4921,42.8521,5,0.05,4,0,1,0
4922,0.3964,5,0.05,1,0,1,3
4923,0.7368,1,0.05,1,0,0,0
4924,2.8953,1,0.05,1,0,0,0
4925,46.6407,11,0.05,5,4,1,1
4926,766.5263,497,0.05,159,153,113,72
4927,443.2829,197,0.05,74,39,49,35
4928,0.8684,1,0.05,1,0,0,0
4929,13.419,2,0.05,1,0,1,0
4930,2.3688,1,0.05,1,0,0,0
4931,13.7832,13,0.05,12,1,0,0
4932,17.4447,9,0.05,3,6,0,0
4933,2.8098,2,0.05,1,1,0,0
4934,14.9826,1,0.05,1,0,0,0
4935,17.0506,19,0.05,10,3,6,0
4936,12.6595,7,0.05,4,0,3,0
4937,1.3157,2,0.05,2,0,0,0
4938,9.8274,6,0.05,4,0,1,1
4939,0.1001,2,0.05,1,0,0,1
4940,62.9227,7,0.05,4,0,3,0
4941,0.263,1,0.05,1,0,0,0
4942,3.0218,4,0.05,1,0,2,1
4943,3.0479,1,0.05,1,0,0,0
4944,7.8078,3,0.05,0,1,2,0
4945,0.0317,1,0.05,0,0,1,0
4946,1.7407,2,0.05,0,0,2,0
4947,0.7578,1,0.05,0,0,1,0
4948,1.0398,1,0.05,0,0,1,0
4949,1.6557,1,0.05,0,0,1,0
4950,1.3027,1,0.05,0,0,1,0
4951,31.8806,12,0.05,0,5,6,1
4952,0.3314,1,0.05,0,0,1,0
4953,0.6052,1,0.05,1,0,0,0
4954,4.7378,1,0.05,1,0,0,0
4955,5.0927,3,0.05,2,1,0,0
4956,0.3972,1,0.05,1,0,0,0
4957,1.5148,2,0.05,1,1,0,0
4958,1.5791,1,0.05,1,0,0,0
4959,17.6325,4,0.05,4,0,0,0
4960,0.0521,2,0.05,2,0,0,0
4961,14.6718,2,0.05,1,0,0,1
4962,5.7512,1,0.05,0,1,0,0
4963,3.6849,1,0.05,1,0,0,0
4964,37.6409,2,0.05,2,0,0,0
4965,55.2552,5,0.05,5,0,0,0
4966,2.1029,1,0.05,1,0,0,0
4967,0.1979,3,0.05,1,2,0,0
4968,0.8182,2,0.05,1,0,1,0
4969,6.0271,3,0.05,1,2,0,0
4970,2.632,1,0.05,1,0,0,0
4971,14.8631,5,0.05,3,1,1,0
4972,1.9317,2,0.05,1,1,0,0
4973,15.7722,1,0.05,1,0,0,0
4974,1.8394,2,0.05,1,1,0,0
4975,21.8787,12,0.05,2,9,1,0
4976,5.975,1,0.05,1,0,0,0
4977,10.8987,4,0.05,1,1,2,0
4978,4.8929,2,0.05,2,0,0,0
4979,1.3683,2,0.05,1,0,0,1
4980,7.8965,1,0.05,1,0,0,0
4981,6.7636,5,0.05,2,1,2,0
4982,0.2483,2,0.05,0,0,2,0
4983,0.1615,2,0.05,0,0,1,1
4984,7.1045,1,0.05,0,0,1,0
4985,3.0153,2,0.05,0,0,2,0
4986,2.1319,1,0.05,0,0,1,0
4987,1.4212,1,0.05,0,0,1,0
4988,30.2716,5,0.05,0,5,0,0
4989,12.7301,12,0.05,7,5,0,0
4990,10.7319,6,0.05,1,1,3,1
4991,8.6863,1,0.05,1,0,0,0
4992,15.9804,12,0.05,8,0,3,1
4993,26.4787,17,0.05,6,10,1,0
4994,14.4743,2,0.05,2,0,0,0
4995,26.6383,1,0.05,1,0,0,0
4996,26.173,16,0.05,6,3,5,2
4997,1.8397,1,0.05,1,0,0,0
4998,13.3001,3,0.05,2,0,1,0
4999,6.5824,3,0.05,2,0,1,0
5000,5.6325,2,0.05,2,0,0,0
